mu,sigma,discrepencies_mu,discrepencies_var
52.26618998537043,13.571937674975995,3.9017958928880034,0.0186826274608541
52.08033606902783,13.585086077066247,4.591017047286186,0.024852010209421033
52.855301880841246,13.40137585845322,4.761948622116506,0.0017000513465666605
52.01898991527975,13.565221082228039,4.8906287077697925,0.02662777129000123
52.844139256784544,13.744296148394259,5.06761368642583,0.006332959335273962
52.09047025056711,14.010959354473458,5.966408518197568,0.026549109203066374
52.12962154375131,14.095993445645178,6.3153803070463255,0.026546895729203508
53.10038600428776,13.088702059639436,7.07905702014159,0.002351890688593166
52.4867905362697,14.332725650828372,7.492483002716654,0.022916392602716124
52.13278720144813,14.305235902576003,7.8192502066185625,0.026356449289429557
51.89571880068103,12.867369572083879,7.885416684645861,0.027489728354672744
52.371182547838835,14.37973989834218,7.917398476097333,0.025629078885564278
53.22875791824409,13.929135034761904,8.533498889461043,0.016067394228790628
51.66159172139694,13.998372461385355,8.68641630887305,0.023603857788763245
52.21904833402299,14.458884412764913,8.87774062895187,0.026206891990901832
53.31679405261292,13.023794681598025,9.133154910959092,0.0010996091401614554
51.57568573167343,13.951009449049725,9.222103166417583,0.023221447640586385
52.18054899997905,14.558428733573527,9.90473953750643,0.025048031296470336
52.71774902396192,14.630177284353655,10.58111005291721,0.02030248694915489
53.12803190347624,14.436271047366205,10.86385225835511,0.004075911825217453
52.50429032575007,12.292848765088662,11.04370761571954,0.036534239885091926
51.93175753427889,12.432608667554064,11.314839470547668,0.011216053933700358
51.29500292596649,13.178410842822327,11.741871003718188,0.048500249262693876
52.32203635785826,12.247135281825354,11.76315283769145,0.02499330379770644
53.517681139841834,12.821693665751562,11.869303177665643,0.004915717095960908
53.59585611460953,14.060526411844464,12.797873451688247,0.04282314034786967
53.16728624411165,14.652747007436934,12.915758468344393,0.0031168765937002623
51.28403027770366,14.173779025578114,13.042185941071693,0.008821965643043122
51.11664315037279,13.55126239931729,13.177465410595687,0.035083531967180795
53.76291009062653,13.533791441773868,13.312091010908262,0.04636958650882324
51.100025628149254,13.404244059793061,13.439360813640633,0.042531099524118224
51.14270177026638,13.155142356319413,13.479544168872053,0.05135813300818544
52.39840070794816,12.059303421526891,13.714386169988757,0.029625997164990887
53.73313353722772,12.909911716661862,13.726432973614465,0.0004647659931072572
53.76322507807457,13.969553758730974,14.294783192126488,0.06553794449506885
53.693047101891885,12.660762253786931,14.311764123503963,0.010151245022249249
51.21195498951064,12.587545333786812,15.652708500104382,0.040867599916842925
51.113028679277434,14.424732653587286,16.070724061713918,0.000563642518151291
52.67782574022784,11.822662051855843,16.223345178191266,0.038822531800057083
51.69110450380576,14.994982506803508,16.28017115571356,0.001449945391974588
51.71015944984726,12.045517149383928,16.524385215136135,0.00019131095301990134
51.53418449806182,12.087412428409044,17.215102606573055,0.002358483932417848
51.26295050170545,12.290338374246694,17.44545408682643,0.021849546543868465
50.78528514619276,14.020436505452007,17.603590912050095,0.008380750289567267
50.75184110899659,13.880993758086056,17.632303997184863,0.014773456506069387
51.48119870895992,15.046373948146227,17.958971257097346,0.0008860379363034459
52.3801922063945,11.688111931163782,17.96577100086415,0.03974821484427256
53.200612488103246,11.745456278068108,17.982031249410284,0.035893161837626655
50.99146441873744,14.644582327866642,18.50042121498518,0.0019943747480431645
52.724561989757795,11.617116095941675,18.50140693267258,0.034069109270709566
51.10367880758557,12.244695694134752,19.13462876061749,0.02741788249397022
50.58581918017918,13.396818923585858,19.262144935480137,0.038940616099913575
53.74922288496132,15.042788806321903,20.323095730394016,0.00553925232508508
53.501428115761556,11.609270774977862,20.342503088711965,0.030455388318720262
54.32556736743302,13.923052649364372,20.472615687604048,0.12093172569267725
51.243236867034504,11.94222726225578,20.54222802156073,0.010500234921315759
53.829874351396725,11.806745683691117,20.542782444880686,0.04622021035640163
51.4468243997192,11.76669873142016,20.834801560535197,0.011389096846065776
54.409673192208906,12.865409002454637,20.976110148632415,0.012757477692381407
50.62450908511768,14.549202125199086,21.21433391775964,0.0022851522972962717
51.03586352211555,11.980919292138996,21.713841528990997,0.018561551993449294
51.099533472679184,11.912493508001656,21.797532557954582,0.01471524073678328
52.638114884194565,11.308480419578816,21.847258353656798,0.051689693052245536
51.727180108487346,15.632286432217402,22.18267182578211,0.007208657293282421
52.65321391917558,11.274854658516876,22.19212383746799,0.052498217718599596
53.80492138815332,11.524817104815574,22.432370458458536,0.03638669461144335
52.34869407997995,11.266253684621772,22.643473901040124,0.09286571866993316
50.884317732631224,15.157445588026034,22.745925213735063,0.026135707224390254
54.330746586630205,12.053319370351968,22.80909011628046,0.02287049490484268
50.49704038826823,14.669255396925612,22.887404490847075,0.005384531591395252
50.31006987643086,12.980741519900741,22.997663306502545,0.0383463083845675
54.50780933119562,12.40171852986494,23.005965394539544,0.01094673559929678
54.65445079283877,13.971036020556694,23.889085785367612,0.11867645167341496
50.69515426069157,15.160312560468284,24.06815287314612,0.03012707464846816
52.49326780871255,15.977186067490052,24.097069195579024,0.0335015114986766
54.75513119094246,12.823293866751964,24.310002650090155,0.015597852113720627
50.13562253160713,13.163244445235737,24.340690543758683,0.02985765426534844
52.652556612228835,11.015246761010541,24.853522262178558,0.08166045167819565
50.95837660691543,11.642861919901144,24.866377699214354,0.01423593010110043
54.65550114108586,14.355095885652206,24.94198266249441,0.09997650064075632
50.130941810869906,12.8377489517643,25.169129166673883,0.027856732208980512
50.192649989825235,14.597719234740925,25.21985005898341,0.0019109602670744513
54.04580086735551,15.464205590457095,25.407455037088766,0.015507185914308401
50.4275562801764,15.074633214804606,25.488616677763275,0.02360235328762091
54.73613275087588,14.302476346446852,25.501760909129644,0.10170273267259862
54.82246705992654,14.094248042554051,25.705910734481677,0.10568790463241047
51.48263274696473,15.942693806539754,25.8457177651012,0.01291127604519378
50.27208759683988,12.263429337545702,26.139861011301036,0.025104137623990292
53.547905202995224,10.958627703071983,26.147542166774656,0.017305527261092985
51.643662807661116,11.079916138577257,26.388010262291573,0.1259722301564273
50.250768039232085,12.249499296773045,26.388942309413324,0.023811116256516735
50.19387873041865,14.897083489543903,26.41771913993398,0.009913723592368378
52.37775503053404,16.22751753844252,26.49070537799571,0.021763835273410487
52.57067466362384,10.849194395218275,26.564750099285448,0.12090385059843019
52.20708910243271,10.89953439635735,26.603234281435107,0.17299886037050446
52.89013506425445,16.205532584297146,26.650477419876097,0.027868908063161408
50.26447210953176,12.112070951927027,26.956451065514557,0.02079034918539609
54.50373320747484,15.1950263765977,27.171089533513168,0.012175696119007888
50.04604658440965,12.445741305733188,27.316488845432104,0.017750351215332822
52.391983650979796,16.32441376909309,27.391708541144453,0.01948674726269591
54.93558253606767,12.1690290402065,27.408378330095275,0.005779887186796522
54.28802178675571,11.170962184195895,27.605521895013226,0.04017344163809529
50.18284381043185,15.162527784777152,27.764765555053145,0.023008673863265623
50.78834207494154,15.782607393605257,27.777449455159513,0.0441881965317555
51.41044456564493,16.1475083863656,27.843417320813842,0.011253647948584593
50.33295022538638,11.792242761943811,28.170972864454598,0.012777038640357468
52.23211842490331,10.729259642831604,28.175983882430955,0.19149818472134603
49.84521764907476,12.727682963441204,28.17682636307927,0.012303073981107708
51.64668308448179,10.872869714741931,28.237086140656174,0.1569667521522354
53.438635663938385,16.211842131287085,28.25676150056188,0.012639419004350465
50.5223785061482,11.55187221755566,28.318340843355145,0.007710893743811802
52.495165396816105,16.430912961032696,28.388686767510535,0.018891756212830197
53.169757811817526,16.322529236589183,28.399234768151018,0.0153158964386569
51.91426860189804,10.77121234088549,28.43343338307477,0.19564318877438955
55.273135669894586,13.504758212669657,28.53400370795263,0.02321339749493408
49.68645121106169,14.194230468639805,28.777689963475495,0.005387087879049695
55.20506983570816,12.48709921658052,28.786248961150704,0.010630264216266632
50.37962198544621,15.656228251251115,29.274575450602242,0.04678551251537673
55.13629782450229,14.464061712121485,29.34349130277269,0.05796976087605461
51.04135725748174,10.988367990836158,29.519795494837126,0.04832015951853126
53.00591942541014,16.507336267786158,29.74757376767775,0.013280956979193697
50.348632778398695,11.508386473221439,29.765144879689615,0.004755864088671196
50.29617573535429,11.567359825026688,29.76778398409442,0.005734226031669358
49.54369846056366,13.385370099711832,29.817863826216126,0.008638783606207916
51.885442563322954,10.590976944922405,30.116768750477604,0.20192516728786022
51.0471390781526,10.908336946077846,30.123119657215284,0.05384037864415976
54.44914012656767,15.769350945214326,30.166405337243987,0.011460350705525606
53.225162281621856,16.540661191657435,30.626338993545232,0.006990439579445855
55.317217784272046,12.1774909693178,30.630171924507977,0.0047952461605894215
55.42183368428809,12.439246100050285,30.735835750600927,0.008005447362044187
55.529780972512974,13.701022912393976,30.781524498861472,0.013660377365446301
52.39846450585166,10.417536111471783,30.823208933926253,0.18050165913211122
52.026597218623664,10.472381607423197,30.88652246361562,0.20539028860309036
51.379006582241715,10.645175572773372,31.013876645894015,0.1231934465378038
55.394381844238524,14.416271537389886,31.270970221236666,0.037437015872789095
49.40767089275329,13.207502826202738,31.305722341602632,0.004299505901022975
55.233462643824,14.833430857521689,31.379173441051535,0.025626249997563983
52.713066686109904,16.757277944053037,31.649917201860035,0.011674452967205333
50.463546078155424,11.104527410707735,31.677159876487167,0.0025159026093809094
51.4557777047568,10.528233120736349,31.756130643530923,0.13681299535743738
55.628974171855695,12.715459405139443,31.853292200705027,0.005250219846508379
52.88643217619605,10.2731513869501,31.85835898718051,0.11382626149917659
50.33679987812655,11.18108501902115,31.943783767485,0.00048661596758055526
49.908722774362175,11.67506083679714,32.039845615976446,0.004441255950829408
49.68024053226371,12.064298296554473,32.044193731049745,0.0033881839573189514
50.853516112036296,10.751898324697347,32.195241881448055,0.03532359579468565
49.39387738394808,12.790706173700148,32.19707410897445,0.0016450059307465286
49.77592998060462,11.82614291810712,32.33438581146402,0.004120562181120739
52.770375461867204,16.823417702743832,32.368332150020024,0.009877133322894487
54.479983204460595,10.68634908022759,32.386122518937555,0.043744974892994185
51.09652516375118,10.59475824725108,32.41531841114556,0.07184823585281837
49.39022127135035,12.678120696763562,32.51299548815132,0.0011458116858796435
49.247454174218255,13.94634364541387,32.67210490807338,0.004038610082822096
54.16244037673729,10.45824228796712,32.67407535106304,0.055697192851645275
55.25996523500994,15.10617326327449,32.68481701605242,0.009700787698299145
49.346241807608386,12.69790685943742,32.871909658607365,0.0008709226077519721
51.19147550802759,10.484092944485527,32.96815622950006,0.08635396805640656
55.75386597432425,13.974405785961638,33.061534609620594,0.012670369847106748
51.67057799123415,16.860441792180033,33.19070426178528,0.004721143693692547
52.304582389975664,10.159996178002878,33.270838768172325,0.16575869277277552
51.99738562922709,16.934571252940543,33.28704685176194,0.010303465945404504
49.33747124042237,14.84068439757378,33.550273346471386,0.008312872893035355
55.64270214691854,14.54601674101767,33.69486279191733,0.018277625128454284
55.72211706394583,14.416455901663474,33.943898028881904,0.01641867349859812
50.431455391566374,10.745570779179648,34.416008855740984,0.007194541479626686
52.46526645918817,9.955923742587762,34.97197819684516,0.126466162491048
49.29132640292701,12.16312092939403,35.08238896288731,0.00038724414581910383
49.04399058379859,14.33880847142273,35.147419709691874,0.0006741436994764532
49.21531519329047,12.33211486535528,35.17783433043496,8.99662253380389e-05
54.96106893616471,16.001971317197352,35.24026023058195,0.0037248591310038042
49.550010703950775,15.69768841632774,35.38458171010211,0.0984039342068775
55.80384857360876,14.680170222335956,35.5124309311484,0.01002106328120707
50.52113504299892,16.614360275188695,35.51796538911435,0.009151973847216404
53.67771460705082,9.982735649592112,35.52821628517222,0.11171231402283073
49.08929738353048,12.584564662775808,35.596454978695874,1.4597718624181264e-05
52.03589791075678,17.18897951889189,35.61046605712613,0.021199595590238724
51.53967727035121,17.10158530169426,35.658987326204965,0.014077556499947868
49.051870590071445,12.692257652786328,35.67619335640666,2.967625129375808e-05
49.09630111753256,14.795544640546694,35.68683793484206,0.00965993471719802
52.46416258782064,9.873227174234765,35.73001616234433,0.11311844890143792
54.94571922342228,16.094078752633482,35.756972731438736,0.00351288433431936
52.50513319716505,9.843520154692552,35.97621840499778,0.10714907899397648
53.36623511102832,17.053018560319728,36.09242096632603,0.018381434554036142
55.879082905415366,14.687492996398811,36.188384705567614,0.008077344148765668
56.004686336217375,14.357830135680638,36.1941139489868,0.00912790304220497
52.14375137230263,17.257775954312955,36.19786016812009,0.021583486851446915
49.79845083436048,11.074126010221578,36.39570300401283,0.0017785895960208014
49.856097477422495,16.22864847750591,36.46792176305462,0.07211437318129928
52.19193763961145,9.81262197214253,36.53637370965134,0.10413313342302562
53.462401642591395,17.068752717509,36.57030135451532,0.023934874268994728
52.28346738361089,17.30189221714275,36.60818553537206,0.017147521999155552
56.000391951562854,12.21601300618387,36.610650783112305,0.0010640938133895266
50.52127272450329,10.386347434313759,36.669172276331665,0.015248457933345243
49.268856292753405,11.771766527114647,36.93266937934366,0.00099045168882757
51.94616319204464,9.791489875129766,37.06885153778694,0.09019828630891087
53.711524553201414,9.805992807911664,37.34014520661367,0.11807897767527382
55.53955285842451,15.680658009201371,37.74092579226863,2.508506542316315e-05
53.82616038477937,17.05886962431228,37.842590051765,0.03774449567037326
54.706127076165174,16.576014671061973,37.86391301927847,0.0017880884864701235
50.2472102391013,16.73922698735875,37.97862742135021,0.013440836701526031
53.728753534611855,17.125551996335926,38.11466469516631,0.04280184030527952
53.62920271369596,17.20181281861398,38.50049348788548,0.04692378209426014
56.43248668986662,13.524015744292317,38.53053213142232,0.03306179175898823
52.8692093030724,17.436828289134915,38.64611932584921,0.001906623790652056
49.6800157057211,16.37552537675645,38.70012819143835,0.0877254225161926
49.00115255857263,15.411783480154078,38.772328916972356,0.10892643587691626
54.60692571618594,10.027122493263864,38.82622187845118,0.006437179375885798
54.101586481060814,9.775235692498132,38.87266818478702,0.08163558553120882
56.33642942948027,14.258029338391689,38.95487357299851,0.009248005968962652
55.73274275447575,15.636549209246843,39.108724011391814,3.53617568783098e-05
56.22377628595113,14.758842613603832,39.55691148399751,0.002593669839249096
50.77012304689764,9.891953948291402,39.59458854329205,0.013402018250977825
48.92027579074073,11.890332879213219,39.6050445232122,0.0004469429915082306
49.66140288086472,10.738870285158379,39.67701378409129,0.0013410397046903105
52.1005121683944,9.472391293960419,39.760396771531305,0.04479977362540584
48.56722676297476,14.354599497958011,39.91154695171758,0.00031675816136729696
51.51173111768694,9.569189408220614,39.9699666614797,0.025350139586286142
49.857795020152395,10.494749857927626,39.97804021734646,0.0022032925429505573
52.276219630441155,9.425837085040417,40.00100977180682,0.042508749657478154
51.559449011272264,9.543812268169443,40.08653067521391,0.02578193331952779
54.96941878144409,10.121249501950494,40.210950041648175,0.03258944868877396
49.548229497371416,10.771627134386584,40.334682677680576,0.0009175675594326909
54.104976007277514,9.623440800254972,40.366868160821014,0.09117372550519239
56.50837340872849,12.488292018235677,40.533517504917036,0.04072717737164229
50.651676244388945,9.845302653138233,40.541955911846344,0.008762743865069105
53.083038784939184,17.580882921521592,40.61629109768364,0.020482460139070364
55.85005762749243,15.759708581681497,40.76234737385221,7.406713954232666e-06
48.707899118663896,12.087625218538907,40.853474108357204,0.0010636535742981229
56.466433556680116,12.261228924659122,40.8895700005412,0.024682345122861344
51.79878287593298,17.734258778424945,41.020437457772914,0.0691672079873263
56.65099759172017,12.838733111553857,41.102953595212966,0.0670131932680454
53.119617831766114,17.621005718234137,41.120397381223256,0.02703298722109711
49.374672367074155,16.41105265095561,41.13923265039955,0.13026203296532576
55.05401812678586,10.071018199867812,41.19335337688244,0.04177526353497914
49.396450910060985,16.455252717401848,41.277857465372335,0.12018829263899196
48.58057460548829,14.991348241699074,41.296270555217006,0.03371042901073114
49.32022680483326,10.877085707589744,41.48578283693678,0.0002638671047555268
55.82046157782212,15.946616137817394,41.56150689019296,9.969505105463174e-05
54.4714873122594,9.652620994301802,41.62665601757226,0.031846979114667454
51.68634390176316,9.34592458263026,41.635755719263216,0.016246595908447754
53.459070044022084,17.58607163095548,41.78172139752587,0.07515281092843569
55.31266119519287,16.57498226492323,41.81702141929759,6.399095342775542e-05
52.64997715023059,17.797688777816752,41.86340833196664,0.007617317524469662
56.605846445569654,14.356689720231158,41.87560584549976,0.005989911376551653
48.91027921065992,15.899581876526272,41.89382836179834,0.21628652544324387
48.76313114322421,11.669997256337817,42.04261913109167,0.0013897429704377733
49.537632407760455,16.724558381349212,42.19924898026147,0.06066961392809052
48.4438367357515,12.465177387676203,42.22907897011464,0.0012160591419308636
50.368923382343475,9.810216381296874,42.28549150500327,0.004607990635910291
56.22054390616758,11.429251572016366,42.32947836445419,0.05561364509809781
48.263646125863,13.743918715725243,42.35695568036863,0.00495974747683821
51.971054263200635,17.90207950651402,42.47721105287883,0.07697594503621648
52.15368900547477,9.169838996678106,42.51933607695628,0.01779113157259989
54.73104247773504,9.696632076172332,42.52004887448834,0.00422789378250517
56.700975349249276,12.460841134775787,42.52185962322744,0.06228931279553425
54.85252047887679,9.762304651061928,42.59948510639106,0.0023169228189692964
52.83056903273297,9.113114696569458,42.77917832856065,0.020817181156068083
54.13991221278451,9.383473050313249,42.82505476793286,0.10345325381637512
51.02103846387143,17.716959091799822,42.84215930429218,0.010150333409334316
51.354496464287216,9.296293459484772,42.92784663490147,0.0034189575434232116
55.895540400415044,10.768192025380648,42.999983162746275,0.17198556949835284
55.71016470306141,10.478574123449903,43.19176835835583,0.1835713775193347
52.02288434140326,17.986658023976446,43.27580156109525,0.07872594954471086
50.49411877969018,17.51955910393419,43.31052148327956,0.007027603105249263
48.18204592694272,13.25265776213861,43.36047055515746,0.001127956891756448
50.2503452406752,17.400445602644275,43.47264455033735,0.017575073476897424
50.787558048886254,17.696077192366097,43.56517277593525,0.0002866895473437485
55.72136637420343,16.400887049818813,43.59680690271534,0.0003519718069276583
53.383416641529266,9.084768024382381,43.64080105768062,0.0622165612168067
48.50737245862457,11.850919260649237,43.692893750855546,0.0043340324560779565
48.217710636909516,12.767083287674048,43.75197777092808,0.0007539711331140003
53.057146984257194,17.905110552484352,43.81181303917833,0.037746955390154005
48.49127349812354,15.482770707244937,43.872075347322834,0.13852035285946504
52.915909281572866,8.998329951458548,43.90231530214078,0.015495459689979079
56.923768848356794,12.828374230781185,43.91078382827811,0.09662579455800031
51.39271240531173,9.169354871262371,44.0203524362596,0.003330531595671609
48.27761685098429,12.401936847286876,44.05355681640958,0.003274286362844841
52.812541926933555,17.988664892010185,44.07478248320422,0.017692271826596235
56.58134074272038,11.752310733296735,44.13347793278058,0.024819350982503503
48.201015109319265,14.662111005332322,44.15858892596111,0.003375540116500169
48.50792676501814,11.718246921653277,44.236605803390376,0.004807555721178041
49.458168110688305,10.312000915529449,44.31322647093293,0.00024586235155428727
50.23188894294921,9.662618002832907,44.326590088309786,0.002416806536863341
48.563434125965195,11.579180227715456,44.32803709956761,0.00410766630658717
52.14254519360351,8.975744304662356,44.36341566103114,0.009113907115867086
54.23766014304108,9.246800159643799,44.49622418205399,0.10222750869808468
51.658743944869144,18.086378262429065,44.57159942997032,0.09058908800499584
48.17871561293079,14.756220870934774,44.59648047339374,0.006761341358347899
49.47447057879067,10.234489131119403,44.7644128945135,0.00038592350858042624
52.11999374206699,8.936163734463722,44.76602875730168,0.00796326480791894
51.32781369187513,18.035630429489157,44.79072532881901,0.05411745440516487
53.89684414072862,9.09146281378883,44.80892075554266,0.11030318459835715
56.007241587267856,10.625215235794473,44.81822432395893,0.17541152809518853
56.20968010977342,10.940197560567476,44.83174668436618,0.1341398097728109
56.716009104014,11.846517037030347,44.976060460267604,0.03045252647290571
55.45581678055383,9.93223743721588,45.04344396646161,0.10318426677132837
48.36659969099352,15.48325192281693,45.05201727208646,0.13217993303793837
57.079024949859296,13.294035833725944,45.14146466662015,0.06888490766811291
56.778726983752236,11.944972215321942,45.149173952534625,0.037901163639040794
49.01445516896807,16.61747802556525,45.229804419510515,0.12406992898478737
56.965287541946836,14.262718667391571,45.265041203148144,0.004643094989766077
49.8219441606975,17.356397400363804,45.367524730530135,0.029622705320995275
57.10252972218014,13.268606891672373,45.39288642655083,0.07230007905592746
48.07977362057571,12.615876531585826,45.46171956735543,0.0029578942795672352
55.28213929275417,9.727899652710985,45.47471424545233,0.051194069257341004
54.27486846980107,17.66423950324849,45.49803486182077,0.10693023598889002
48.113263735796664,14.88323792364701,45.55149697501383,0.013863006017678607
50.673193069183355,9.27834670213447,45.562744319390276,0.002837906250639471
51.23924595979303,18.11629764311394,45.783373766050886,0.04538900705289624
48.07180259647269,12.516749843402554,45.78347705858869,0.004338371418149372
54.3141397385419,17.68260806498194,45.82146818468232,0.10346867953454993
49.06871539550026,10.528669558919054,45.88594766999995,0.004213689540953318
48.16460736567406,12.154659847322034,45.915783630059195,0.00808068657067114
57.14342450137515,13.63822788533769,45.994467363423325,0.03328042164627394
54.615647635760396,17.56315930082581,46.02372540163037,0.054308435277668
47.891224829238936,13.68884285826876,46.04163341590174,0.004452952900115896
54.65463096499722,17.55472500257664,46.125644527660825,0.0490320003683485
57.05260410772001,14.304460893012783,46.27178923532591,0.0029232271959847727
48.35726227195825,15.814554992106297,46.48974246664909,0.20009281869135184
48.236648299379425,15.584082851830363,46.653522838569415,0.14428897285403428
56.25413992878134,10.674306636225445,46.66170392039692,0.1488322753215164
53.31559200383199,18.127707166405386,46.69350331155397,0.1077890828008697
55.96314533244549,16.5910095546178,46.7173435746181,2.1509921331280176e-05
54.05687554707032,8.92899735687265,46.83111679846911,0.10354478440773736
47.83082012536555,14.090336673626238,46.83572776739015,0.005834726808294626
48.06292197118587,15.204086414854494,46.955266814417314,0.0518054158791222
53.95589546460475,17.94777718538876,46.95534957991049,0.16148462209309064
57.251887659134795,13.175531422510105,46.996592697377196,0.0876121956995269
56.89758169303891,11.765473267621793,47.00854135597399,0.03872225303404438
57.022378471547455,12.039507499118045,47.078073883441675,0.06693776904250288
51.53260102350555,8.79809141584406,47.20154990283436,0.009699945520757218
51.123560658085594,8.913166777981937,47.28448001292645,0.012477722655936567
49.08518639144631,17.10949215660534,48.01743475509767,0.01556435607095981
55.871001939781976,9.92169292293045,48.04883687404299,0.12916747472137677
57.239132321852715,14.267817960078869,48.099445993072266,0.0019165915699580088
54.142052382593576,8.81728442341544,48.13543540776686,0.09527187459808946
57.216821102661584,14.412040385751279,48.234261924223006,0.0006402910815871015
51.31364730480369,8.738086026991397,48.37257883043185,0.016603872929287073
53.48799101239669,18.255327891872717,48.391050175712735,0.14997206472059252
48.613651224912374,16.625541376684975,48.42822721420187,0.12989594168344984
55.92542922574197,16.897770370043794,48.49733624307737,2.806986946442482e-05
51.05001754578137,8.796797199905441,48.64169333329937,0.01992115136487545
47.68524605908,12.946036524279615,48.69132398584679,0.0013367854240789617
47.754604002691906,14.814704870296135,48.79562288449574,0.003731944724100949
57.19390775576601,11.999642309892668,48.821854994050625,0.0770603718086625
53.147588336972326,8.48340157783928,48.88772781903822,0.0013212202946909107
47.923730556340715,11.939585064742154,48.959868461057795,0.014311319975710184
51.879586566556064,8.522217940724484,49.086523310071364,0.004134609812459793
51.294027565591534,8.660035209102768,49.17927162439173,0.020276369910667464
51.9806744495151,18.59668891207893,49.22147487615007,0.07674138438243634
52.15802989725536,8.457819241695773,49.25504833329751,0.0011701552203851767
57.204804477182385,11.860047482167076,49.424088893202395,0.06032341181332075
51.79402545053856,18.61038814337467,49.4582869835001,0.08333422410588927
50.41072698939499,8.96395660072899,49.63015617990686,0.012942491147092632
57.51089365844631,13.285702830589873,49.711070941893354,0.07421854194500728
57.01731936151123,15.43008811622255,49.7387063206138,0.0021252388966025043
55.96290118850037,17.063268618581056,49.9012810520112,0.0004401874694997692
48.10523749342218,16.08353627738341,49.92467950068669,0.17731129718514813
57.27125391864886,11.825591427020965,50.14835114563556,0.05908850595880384
47.46610979862735,13.842949170393917,50.18814696024265,0.004989086451010998
56.61327164429092,10.566506363221198,50.19247382594301,0.10758398217318817
48.1198705767857,16.18430129855456,50.25808010361868,0.17350737056414464
54.311117219179266,18.19478156016995,50.33855052780473,0.1133052792016463
53.5715308643469,18.45186764862087,50.439963038576934,0.16017283115922173
57.380105845507245,11.814832196093668,51.156977966108116,0.06147920778891265
53.175475769545386,18.657880293116378,51.35061559049336,0.08568480690643472
48.82792199370686,10.007924641794588,51.35314120002295,0.024770767749138296
57.67012257208017,13.587791596622491,51.508891216977986,0.03225447338888106
52.03767166805216,18.83924728888762,51.59031120937152,0.04640903868345621
47.50529777585167,15.013271904678806,51.603804371892465,0.00710010913268551
56.45576065999933,10.016215990337223,51.75101917735458,0.06564634758921446
48.109583885883396,10.884685021944966,51.84646442388885,0.015363593563384974
55.72207227043014,17.57086214191402,51.91533274388189,0.0005237361623278863
51.516583472904216,8.29742518716952,52.04471210384645,0.017114419065015946
56.48798680809639,9.993507528399563,52.10666637688803,0.05865887827518808
54.95869267732414,18.11844928210524,52.11236231155294,0.013402809276263987
48.73735391517121,9.990041516266697,52.165625408897995,0.0293545321097702
56.404868699793035,16.918208314369153,52.175950794668324,0.00811281475500099
50.65409782606852,18.609624212198636,52.25406733791215,0.02923249386150591
49.09819688254522,17.734336383951085,52.32436592602727,0.04747185466486943
47.25876440489546,14.115865793338939,52.34043853559391,0.00603475186755194
47.801572995738056,11.304999803144291,52.541916442913816,0.010281286162913865
53.769647988294125,8.193102192888517,52.605624436083644,0.0021674763134945257
48.437286279057005,10.271567474009473,52.682148514416895,0.03579153779070683
53.02178233565135,8.053472523283991,52.71528574695958,0.028733186041441778
55.70454457060737,17.718377008845593,52.878204980491546,0.0014325603834697991
47.64700827601285,15.841370345576124,52.92903435507526,0.08737928118272638
47.79495125778198,16.159406714374065,52.93396240693443,0.11223952741180827
55.55369901364554,17.85044276843606,52.97594670733042,0.0016916421653752783
57.2342921929304,15.741974424091941,52.986500341737155,0.003716199358556232
47.20881626972479,13.13283121215265,53.03632311780461,0.003869065531822607
47.511908107926864,15.551400596758247,53.10623987540947,0.048812780488439136
47.30397445104066,14.91342442935625,53.230090014561256,0.0015434002394761497
47.36670032808983,12.232398408886468,53.376001508440595,0.009155214688340756
47.15623474651895,13.263023732577333,53.392738157347594,0.004977832455202851
56.2306769917784,17.316781696735017,53.49328079291831,0.011754341685096996
54.479010689787316,18.507072793407048,53.5179695775214,0.05058226499419678
52.82504819301826,18.967262071392184,53.55509803380414,0.016468201523017607
52.74944355018572,7.955060003071099,53.55594454068773,0.035340209796110036
51.50872079565258,18.997053612634602,53.609246438137234,0.03426483954409949
56.47080223498878,9.684297696142622,53.64431175715595,0.030679873340765235
51.09807448821654,8.240847940881181,53.76983017279713,0.03806395382354484
54.64074534598204,18.476899125036464,53.79923861223233,0.02938717348990057
51.26513311280193,18.975766672549437,53.87620294067517,0.02435834831418678
47.58295794333906,11.419726056322922,54.03670779368167,0.00867527049364643
49.93785139121103,8.71893714752684,54.0384831077954,0.005749311088371805
53.77247203165565,18.833105584456327,54.37524142071243,0.10889384627682037
54.0910541778684,8.084401169201318,54.408211355266396,0.002114277735805708
57.94417702779985,12.74672936684702,54.408597280568756,0.14246948668334544
53.8081560131991,7.986585743980955,54.51762410710785,0.005254608044757596
56.300270721558626,17.400558030930526,54.539715064495795,0.020147870674114794
48.736217907512305,17.750233937392238,54.63648352721117,0.0363614816382017
47.548191103403525,11.338920677995649,54.66971848050184,0.006731901545996415
56.84108306254209,9.955219566897611,54.88411457858933,0.03299418808898398
57.51995547632677,11.103279765722345,55.04030389277784,0.029081963530976546
54.207000587001495,8.037653851901258,55.156041486031086,0.00198743522138674
47.09769494070863,12.459270268807284,55.372425209041694,0.0034387505169127413
57.14673810891223,16.434532582160394,55.3887208735523,0.017217983967717638
47.45073366932019,11.360007789760175,55.4609915057697,0.005491182038546221
52.105799739709504,19.23248390557692,55.49079636749684,0.01224126459680182
50.21687637123809,8.402532282313715,55.49935127637423,0.013827531125449504
49.27091304855403,18.293284069444663,55.526871062604016,0.08321531018042723
51.295324844172754,19.153618482799946,55.56266218521603,0.011921784673055562
58.06434572361316,12.657031677655853,55.692563227661424,0.14269231113427513
50.1048382045542,18.76235255036501,55.72716477092956,0.052337198774572505
52.777873639695734,19.2062095910359,55.76177927007916,0.008764707623064432
57.46184214099753,15.943996750083363,55.84993393382689,0.006354123269708261
54.996629480972565,8.286722649947329,55.87672744410793,0.029032862394493614
53.40178655267925,7.748305611229936,55.90038655289072,0.05425351319296741
56.02086083236851,17.87522162820255,55.94619652070651,0.014712431427702804
47.15873496287285,15.465878921885864,56.0275135849472,0.018804718003472127
52.67070209672509,19.2508790472032,56.04787554379686,0.004512662426456053
48.87205013553514,18.08227452603618,56.10215606705859,0.07415558308900135
47.972737242019775,17.090353948809437,56.10977891812112,0.011152900697758277
50.353584957756816,8.26838249601032,56.13531863622711,0.019338521055138964
58.07657010519988,14.03924427175132,56.16629446194344,0.002645978692604594
51.63763128638921,19.282776496697366,56.282944011860764,0.017036523246466723
50.13589892666631,18.84052291724987,56.29642236576524,0.04777914614680075
48.94042844483254,18.170909030720072,56.350756989536734,0.07958558589859084
57.26428944859889,10.315540701093244,56.39009440336724,0.09304168494792638
47.23761480749749,15.848904044708739,56.54363076105,0.035273373448141035
48.27858306867918,9.845351605449228,56.568578116317894,0.04054310277421454
58.123136445142066,14.057702986066905,56.657720235990325,0.0021753085207967975
58.20045231059618,13.040667030322108,56.820936225640935,0.08136673278624247
46.89968707563453,12.653414615322024,56.854520731240086,0.0026698983791596125
55.88774813018344,8.629233943581916,57.13777478874249,0.006725576116074343
47.63717458010793,10.607092917392864,57.259935302539816,0.011985075855924414
57.48930478771594,10.486898375164458,57.371281671919405,0.09601351198022375
52.178609241173966,7.5970521516048155,57.38695901821802,0.014880945028941177
47.04170947666592,11.886845729906248,57.43280886554783,0.0031095966670512004
58.26521667863414,13.126518922025422,57.46375599701133,0.06375562255481444
48.0767681205483,17.482760626238125,57.55972572478859,0.006936307262200252
58.27308113417067,12.981928272884794,57.57183017526032,0.08177958741963838
58.18878340981722,12.124374815657912,57.70696140802792,0.13493215711934345
57.271564688062696,16.701566874209853,57.795677478814476,0.038783466772989675
55.47988587687388,18.545791482851158,57.8679740355642,0.03171983745470815
48.27619832023721,17.78399188572459,57.94193241885594,0.024969324825739287
53.540526288648586,7.53877706925775,58.04503587041518,0.0717735018093811
58.038259896768466,15.105555488538602,58.12214097633816,2.4521782612545913e-05
58.045976470054306,11.45224117056939,58.16783699112571,0.025943754716869345
50.23467754979902,8.089253207041413,58.189957890231426,0.008672506033796061
52.70584297273114,19.47972174454788,58.30439522067604,0.017112680689357413
58.29044614374757,14.053874643098741,58.321101130203004,0.0016848198860009594
57.38979382049014,10.095579996761204,58.341300916223474,0.09075344535823777
55.51786383532405,8.243343982851405,58.415191948687834,0.005288895041409241
48.21293743077214,9.61138805159117,58.516024715735284,0.028578760684573618
46.89774261572131,11.978297694551525,58.53045230289047,0.0012302104354296622
57.50468782081813,16.463871224944526,58.56382950267954,0.025034163134129168
48.75839474386444,9.010044699097007,58.629241881599,0.0005210882517224396
53.55002964028268,7.476998061270962,58.63848608624869,0.0770170217041289
47.30334553930485,10.89152468763524,58.72556424718141,0.00012838107033193372
47.37410335442971,10.757966409171585,58.73245827219421,0.001690539093139059
51.62581289570077,7.562352945967467,58.74627496337803,0.004746541906675965
48.34238854647956,9.423893547067507,58.75753237920435,0.017124529733897626
55.59868264083402,18.58194998547266,58.77860593219884,0.03513533653596486
47.717611322350976,17.213859979079125,58.80138152428,0.0038508877140577985
47.157471037559674,11.168409661479151,58.840491022499236,0.0016763350564508888
47.02787645250065,11.480122850349943,58.86285608417984,0.003973539371478445
56.90753226201595,9.267073973870586,58.99972909074876,0.0009067503184417452
48.93851721125063,8.792500927987676,59.00551779802572,0.000945181890862195
52.01087776378102,19.58368076964316,59.03975251780116,0.02046378343299356
56.87312379709306,9.21855042348555,59.044491040552714,0.0022665615434710067
46.6391482433409,12.84509217232183,59.04837424397306,0.0054308210609326935
52.43813395934696,19.596626931513242,59.218987853801764,0.015552605976259919
58.442128850796465,13.34343387716793,59.28090332018648,0.0271779686782941
57.05641592987984,9.375786595805511,59.445014368647776,0.0025432088874515917
58.26282471546962,11.67931511116307,59.45238591135458,0.0756913851645243
50.878554459605155,7.686772697412214,59.61138267186675,0.023360740989679735
50.41981585793729,19.327238707678077,59.72287969742956,0.02219145236732974
58.443035911103486,14.078576356721776,59.875430666635154,0.0011932332098388448
46.68988531904916,15.232341005789268,59.881378103967705,0.004582136750619874
49.077682024679156,8.55652343861296,59.89511841067292,0.006797654724201756
55.53281166421056,8.062936592797872,59.939482526995675,0.0024384988708937177
52.44306677951407,7.278197228783677,60.1650779308593,0.03994801413215672
47.943225138356404,17.757236402341512,60.2061019742828,0.010733536963349515
48.586402591640635,8.942978218750504,60.21415688147954,0.00019977414614576409
55.633125968800464,8.072787045149898,60.30683447883291,0.0009369578029839337
57.410837297651995,9.70862963738498,60.35345116248132,0.05483588912272015
47.62959455567201,10.033761716953252,60.44918194146521,0.0247520590313491
53.200977968180055,19.63185704101332,60.45647731201848,0.0388488646127519
58.09469964160087,10.90504670449869,60.5461011182943,0.006348223941237201
57.86623363533715,16.209631060692725,60.569125860728946,0.012198727641467748
56.1141807570079,18.428139805077087,60.617111991202364,0.028522564163600956
58.51034419508245,14.221813032056243,60.74744342890064,0.0008127294571443505
47.31966181402018,16.98414540578621,60.773036520595156,0.00039293563360505646
58.29181814018078,15.20263204784571,60.8075788215303,0.0002929905252733893
48.651824383678004,18.55625534083752,60.82950131398309,0.08187719740009587
52.84439413755733,7.191530316911985,60.8548631166899,0.06818147363343659
46.87799383699348,16.160549675886546,60.86306680774189,0.009971736299454541
57.9637180503164,16.078250038768253,60.88828886689265,0.007810654742903616
57.92028528114659,10.462936662462948,60.90430241194622,0.07502570012058303
48.354606521482154,9.055150583403668,61.04232042631497,0.0007801263474141612
51.51946636007384,7.34133804626767,61.07433772760635,0.003658714915551436
58.588686814667966,13.849305804034854,61.07576986578873,0.0026413414189994816
50.795653807273666,7.547706103075793,61.14351245036232,0.015378165087773859
56.35177266531797,8.422728146317745,61.16976403171458,0.01759631684000514
51.81537654751749,7.259263515874403,61.22085059287465,0.004014154579514333
55.68405348985967,7.985089505711912,61.252159516934796,0.00017441536748837242
54.55330553774082,19.36817679355736,61.267614278902784,0.011589430521886506
51.095885842379026,7.414391051080084,61.485956181834354,0.012028960226749668
46.61866134503057,15.616223429721515,61.5759099673038,0.006607590988884375
58.133464119600745,15.881522736533045,61.65209635360512,0.003351409398070509
58.68473468105432,13.343407208635938,61.74371511795124,0.012775240881516119
46.875491986777696,11.072527058417046,61.76054192826405,0.006017058062403784
52.1774212562864,7.121247118465686,61.97452573317821,0.018577765834940047
58.220345577485595,15.761658809277497,62.00473075578624,0.0018915970789442232
47.97852169416502,18.0913830866225,62.0289778960383,0.021648328984716764
48.4265677212261,8.813841289237745,62.148200713255164,0.004618489605596814
56.50330461143511,18.287303954933893,62.15117542124153,0.08694195723580041
57.10749574373636,8.978849861194288,62.17360549732288,0.006888297159654293
50.8565950033565,7.396646987737233,62.3423939804826,0.011120901356313233
46.58178495314152,15.784826341408738,62.412666350559306,0.005392441665541163
47.7985243774375,17.948464838367755,62.468491000968754,0.00646873596121285
56.69553305852403,8.524038667317166,62.47508102793364,0.030000417315128553
52.5192468642701,7.0339758731531035,62.51659596502509,0.03574345580306389
52.508895726507674,7.0297668823949335,62.564717489179316,0.03488287079073078
46.50089532849614,11.87559487033863,62.63014391186914,0.009684416996711924
51.29405598289784,7.232587769020727,62.644083420804805,0.004289324178095093
56.080443911674934,8.049150699780105,62.646322854292464,0.004970452666490282
56.357048035603846,18.48553793010864,62.667918176753346,0.04804881439473892
53.15138517148917,7.008384322347814,62.78493701076707,0.06327465037099163
53.99215482002548,7.128095318973061,62.790517168099086,0.058059134831061135
57.53939354435335,17.2120121380138,62.8049741986199,0.11026307376015783
58.25216594415507,10.664644281164309,62.858947875890905,0.018199093225454172
48.52371892699898,8.61450270617058,62.87217290116655,0.015343753360062955
57.95135337939831,10.074169982423424,62.900514578697084,0.10616696619887651
46.220785906625196,13.055469178214919,62.98142295469529,0.006112207665970608
50.928866050138055,19.831110001974032,63.03432467734797,0.04351368608092006
57.02951311418448,17.88361467628286,63.049986819978244,0.20529401647546938
46.325861124568256,12.32399376649547,63.23187346084978,0.014652618158939994
58.796452566469576,12.47854091434787,63.234513338804916,0.05590038897377443
47.71023103759957,17.96574394820203,63.247306209715234,0.00388018733189373
57.554215238656184,9.3654586058076,63.28145722299405,0.028138674067228104
58.842990364199636,13.576931537113921,63.44134092152032,0.002510360215516166
48.66269245640267,8.409876472249916,63.45013097080778,0.028663979800618373
49.63531146525689,19.431925401773967,63.46891522706892,0.025820680007760794
48.1717705145851,18.51015997823699,63.50059769123564,0.08913657948971039
58.44933828869965,15.595728350461192,63.57674368169597,0.0005578487961122752
58.607431414701004,15.146707551724408,63.696651813094675,0.0003039261072138193
58.878673086315814,13.062845685541987,63.70922675642828,0.01106884461329745
56.068179881169094,7.908740017938038,63.724917566392605,0.004521847010770479
47.26353925643539,9.97048770647465,63.75768802161451,0.008796564608579764
58.077830703443695,16.51282471191905,63.84182399708419,0.01792640955124288
50.376459939306166,19.77745270136507,63.97933081113172,0.01010429364611472
56.61162166376634,18.430309578564877,63.999840134632905,0.10058246069376427
55.288326631812836,7.442733445679853,64.07873176647041,0.0015367035829206449
58.918319075752486,13.467227455319186,64.15322984213041,0.002065216619136017
54.352338972075266,19.745566624175474,64.16262740564753,0.015362331178827198
58.86529571132131,14.205572053851592,64.27985311075341,0.001995204756773355
49.87709714821317,7.548715770289611,64.33311837354029,0.013591632637250122
46.10309962690741,14.38413132278556,64.441459392945,0.005543914386058795
58.69626102682429,11.372413718752691,64.46914026675427,0.055654915196206536
58.625367583774135,11.111648758589237,64.60141389208765,0.02028269236836085
58.77287585188422,14.868012119038957,64.60759890952872,0.0007477043667370614
58.96863520932746,13.03343852072105,64.6321497648079,0.006182200250001451
58.432004130600646,15.955021014840124,64.7392623473965,0.0014066427430555356
56.99488922350491,8.474104265465694,64.81209645005248,0.034364068688879604
55.03738359069403,7.245954243198991,64.8154730818066,0.006578052860610377
58.79957031725446,14.88967869000897,64.92550106145342,0.0007089886358847158
46.59918106057437,10.913004597191389,64.92569309553892,0.010305669501000274
53.24943087978776,6.800880917911498,64.96893287699459,0.03410102508529807
46.38295330004094,16.024238080818993,65.07149710039397,0.0023399417044550224
58.271786048489126,16.395204380261056,65.08317657154593,0.008710506394769517
55.07888656842404,19.569675379117605,65.10375833919215,0.06113426492640091
54.558815146227715,6.998771133596149,65.47109457924125,0.02064250912086781
47.12469775203988,9.865398179117488,65.49000907576612,0.0043361276535654626
48.823749380871625,8.013186213742708,65.50767957760968,0.05440142372446306
45.95437550317301,13.870336974875425,65.51450717417939,0.002738305045446659
56.725197046467926,18.523070243994372,65.52856698286269,0.11438328186692732
57.64574530973742,9.091842753070619,65.5817532843916,0.007801308407230216
49.22157072471187,19.483750854094474,65.59888042843494,0.0379964154568518
58.285491778282044,16.491753045028773,65.6465624590532,0.01011486151980197
50.023360026875224,7.334375684285355,65.6793744054246,0.017714972591071538
53.55010375513428,6.761820410526317,65.68145589869329,0.03048263405923198
53.87144706342189,6.804691258668069,65.73676406276684,0.03278678310117929
58.24945063943912,9.996185814240153,65.76526514849974,0.08876815014138291
46.5118772341745,10.898505554250509,65.7906084757488,0.010755936009778715
56.77900203418548,8.149613371726968,65.83175875506419,0.03968910986815562
57.13251586437892,8.452029565543487,65.92730880022282,0.033474508962050356
48.93619960155859,19.37271583631413,65.96375606159748,0.038777663154511435
47.07494908302094,9.839378560215405,66.04853789732533,0.0031665176485296703
59.10301717470641,12.847828557515347,66.07276347191714,0.0026641615826213543
55.54934418876749,7.333192006921673,66.10733367739951,0.004590225818097942
46.21318897023864,11.63543835896882,66.1193667937676,0.02166129189674056
49.922634359359606,7.327010975372401,66.12586108611936,0.02374739867774796
48.9269235277476,7.862917784863684,66.13439735695935,0.059041390121470874
52.07935431686785,6.708402767681365,66.15415025702345,0.007260328426006062
56.17989607704958,19.055173213604768,66.24484293195292,0.009474515005755428
56.62867689213731,18.71898558269727,66.41773044963338,0.06255999321967128
54.27145774914533,6.816557729856042,66.45347604125192,0.02113842287405195
59.056713742036905,14.381297687583025,66.47731203738527,0.002693259646654305
55.188537831603725,7.121294855024879,66.48204310645269,0.009417704424655575
59.05176639846928,12.026610420007795,66.52849969365765,0.05520396549888236
45.93868122565033,12.635959895438921,66.54163886084831,0.030489684212503827
46.30872864307817,16.26753962965775,66.55707151436917,0.0004730465399154942
57.813241698274304,17.467821410056604,66.57040154043943,0.12109252145443523
49.366227342955,7.538632240616929,66.62303385558505,0.05162885956985182
58.896227183538876,15.20263528610959,66.70853397927198,5.9257328636058056e-05
58.71483062226818,10.730011191703877,66.80064622320532,0.0009593104683665748
58.04890072524976,9.442086091666592,66.87176677067369,0.060142396995039496
57.88902063864929,9.204964666799713,66.87683940956173,0.025171215454626045
49.049283695817586,19.548010596173988,66.9026929774594,0.054915164862555946
55.8409949476554,7.388022652341699,66.9512394014802,0.004575116727543254
56.53774714889663,18.8904958584761,67.21290518388491,0.025292520199733454
48.68930305870416,7.881180904517492,67.35511719940325,0.062376628715916274
54.96497163464574,19.863756625952796,67.41164013514162,0.024830641434269902
45.843983951439625,12.680622520649196,67.4408765631579,0.03312943742331871
45.86602620403696,12.530247676287935,67.48373901098341,0.042588333358813804
50.06193523872,7.114868743247142,67.51200017103042,0.03138819403317601
58.477451137432894,10.04031396592736,67.52325808044792,0.06521558603809925
58.64455571399533,10.376484788892846,67.54079851581614,0.01944657937303081
55.47373430672971,7.129007802002188,67.54744718891274,0.01110955227374351
58.30059494374562,9.710172823848016,67.58648023532056,0.08292693762620391
58.17828981857369,9.498698366744417,67.64509967110611,0.06790167347536798
45.77238837733657,12.944226489711884,67.78645050911865,0.016231218977842483
45.93840465018988,15.280802762625907,67.87567650826742,0.07355709164641329
57.03171776962536,8.0954563040054,67.89020640224692,0.04812643023034642
58.385013334128914,16.784195177341147,67.9435273700725,0.011239797448630533
58.114404337164,9.343589315928687,67.94898423049675,0.04842198153220696
58.25586946977903,9.550345315809317,68.02354362343951,0.07225661590188455
47.88436310043222,8.49507290950028,68.0888587981683,0.04031633432270272
46.41611353112364,16.94240753390602,68.19100886900779,0.00229690300113024
49.565765519693926,19.988891030619655,68.2446169597284,0.1984728894095645
45.6914808023552,13.97775764054942,68.37861399992698,0.014811165935149155
57.88194052220809,8.941604806584948,68.37884566774105,0.004012931226376431
51.25256059412252,6.626529804648005,68.42009357005702,0.004470020844670479
58.04303030451225,17.511721321920174,68.76949130774511,0.08173436809362673
58.14562824804943,17.356415317833672,68.77046402635557,0.051872678609576076
49.076991858789654,19.816445154779235,68.92643069078343,0.18726697973499204
59.31980870325332,14.30402291002432,68.9807568820911,0.0020492406721280437
46.14902947232116,16.539538831371587,69.0074072398956,0.0005120252929976137
59.27335767072685,14.64339857615386,69.12773312738388,0.0027986488574845586
52.046484746190416,6.412781858280624,69.13241457762177,0.0028580873914654963
45.711544391586266,12.492106077150524,69.13859935165826,0.05619770261420516
50.851691752171305,6.654672628291134,69.18161808826028,0.02109082768981015
59.16605758353681,11.347791596546394,69.25928480206815,0.0698868670977993
55.97218548690102,19.529687429337127,69.26658727485892,0.0289144635140622
56.54216397436026,19.127708694664506,69.27918425216353,0.00488809169643563
59.41953344726035,12.749492469510114,69.2960969813883,0.009012284916131002
53.01005163435708,6.369050832213884,69.32243938849871,0.001526530623201588
50.12065775889295,6.889344804101519,69.3436602480096,0.04582418072106183
58.15088882885704,9.133501256343555,69.42745208890345,0.02492815652600829
59.34279125718832,12.048257886882135,69.47372880376504,0.026318174671693024
51.50836367166149,6.458864102463217,69.47615255475091,0.0012066260677477563
50.43393481180853,6.758059956252194,69.48175998363678,0.040079858715095076
51.66784676743866,6.423850856971066,69.53280035888605,0.0007416615786644703
47.45528304459275,8.75198392679549,69.55452399886661,0.020515144305242112
58.6647639269412,16.59196721913971,69.64354599423797,0.002582488347903827
45.55510948466687,13.774791578997737,69.64413770369873,0.0119773015354588
45.61256097397078,12.656808958699125,69.85351331547321,0.045983794518284674
48.49510265782362,7.719220667367532,69.86066915564777,0.056433350559578946
46.85891245810665,9.48338253066696,69.86677485840073,0.0006144050633941239
59.15834373461042,11.090145353939375,69.9081170448579,0.0511755999904074
59.34825356332507,14.664947785544333,69.91114054635662,0.0027727100287996014
46.7302199437373,9.659939951124905,69.94935232928083,0.00015193973683043585
58.78670610941242,10.100169970004018,69.97583166984019,0.0350394754410593
46.84433872536,9.481608416335394,69.99819804005955,0.0006728394295044287
45.63997471243822,14.771979455439507,70.04467566447855,0.08900518372762807
45.517346024645164,13.854542938799383,70.06315907668869,0.014972067181694264
51.18582036013002,6.46851433673133,70.06706081910136,0.008267123323427121
56.77943921318389,19.060097771270875,70.32021513040331,0.02947402298638398
57.53551871869422,8.228115278964648,70.44355133122954,0.03670861548800193
52.59996774297703,6.25342737604792,70.44915275680736,0.0064441909302025025
54.974213021029165,6.595691567256542,70.51892814381989,0.011983609485802198
57.53217212898284,18.421065552811886,70.65749730117363,0.2066853694485565
59.585653479099875,13.50585764593025,70.70073807855945,0.02739665148703015
58.48781575587376,9.40467319736402,70.72338641086523,0.051328629677406104
48.51805863034644,7.570306402623057,70.95996157103724,0.04905256261883213
59.430931896185,11.735625424308918,70.99066934340638,0.04790071460580865
47.426875150115116,8.56474068568767,70.99938756647168,0.033543876187073954
45.40785892774688,13.71658214954461,71.07011839066337,0.010095571495745652
48.24695635345079,7.761390621331613,71.10286010927871,0.04840753060067644
59.57301442877919,14.111006556257887,71.13291782069815,0.004421981414785741
56.6760736948949,7.391891394010782,71.25242215034963,0.019564320639452754
46.67825787548615,9.496178419061895,71.3065902080341,0.0012119225119625204
57.83792824973661,18.184631158152108,71.32548182567507,0.16951232250641288
46.21551628275481,17.258339070082407,71.39712624010201,0.0015512791916228613
56.09747851608159,6.995824637808246,71.4737911767825,0.019784089441478764
50.30791214218989,6.583948005772637,71.48631654528498,0.054678214919355275
53.57437361612798,6.200225906141226,71.55199492051688,0.030277692488986114
46.30977159356851,17.453405087093913,71.55726705557225,0.002637431437384557
55.83635934434589,19.872229911776945,71.58347798039085,0.014184146534822766
45.708961883365134,15.919879609963727,71.60439321575808,0.10579115554070657
45.64985151901084,15.640320890411628,71.61057277166083,0.15909761863860358
58.50025408181984,17.303284277250647,71.62452047135656,0.00937990703720633
47.38033257245304,8.518417958855235,71.66128953686535,0.03551753288763056
45.4731618928445,14.764301909159348,71.69487339324749,0.105742432553476
46.09390659045522,17.093732209361825,71.70336867853733,0.001793512757891485
58.007129137509196,18.039028925134126,71.70606888683506,0.12532401894860987
57.45639848028433,18.643721937828342,71.76264654852264,0.1627056804835468
57.097361328388644,18.971616580937077,71.79484803562241,0.07467264718513096
53.01393616107466,6.127844401693231,71.8476824111851,0.028490308993801856
45.566214800888126,15.335845024202571,71.85147511387214,0.18871117215632358
46.68052973326448,18.084701085497652,72.00683380565658,0.06364927018682127
46.84525442722435,9.132391831346732,72.01989679168423,0.0061651979648252465
47.77946452276572,19.29617942980793,72.02398500976582,0.3483196416337853
59.74883774080689,13.094593936464346,72.10929339928626,0.12469225115557155
59.071932483691576,10.178735237769198,72.1917324367171,0.017716101075726593
51.790254526346665,6.131020555481922,72.23075223179342,0.0006632654582211122
46.87295215074947,9.049547576406965,72.28632587043899,0.008361341782452918
57.940991960583595,18.21815193270598,72.35896567604254,0.1403142407287908
59.78378647182548,13.181862616755977,72.38259914542203,0.1449648867904819
58.44731037203354,9.03674420524459,72.39382873027776,0.020156939710765338
53.90617725152627,6.159748376880124,72.40292328261117,0.04265840645449888
56.56352189366453,7.166285196248685,72.44563735523063,0.013966756104415516
48.27588628858293,7.570791345334532,72.48162706061566,0.03382616520104083
58.736281992947006,9.45263679781942,72.542362741944,0.04327571054965691
56.202397217195475,19.75371963419919,72.60521819316727,0.02252140213806005
47.28639305729103,8.480938514552419,72.62507941877493,0.03528696927161608
47.21007804227108,18.841636188164347,72.6830431642351,0.45846511993828815
52.621453134691414,6.030347915404928,72.7498636060449,0.026793122662517172
59.82983712892728,13.152143703368518,72.7653300588218,0.18947649212224524
56.4226423686008,19.63054107862103,72.87731036184346,0.018011810149679414
47.36692840017848,8.352845587166684,72.88755185852386,0.041104932655449636
48.297427708127564,7.505448801022585,72.88976654415376,0.02958027511919344
52.45853892058122,6.015719089759669,72.91176873405851,0.021037073238509302
53.06369318917036,6.01908601764784,73.0042398738681,0.052095671812472835
58.28401045562589,8.689285891289662,73.13114595754065,0.009066518365094716
59.85572232509133,12.829685191691468,73.14203872394171,0.22382668174451856
58.38903310713586,17.76788350394377,73.22425274030604,0.030427026361727522
46.31937852079938,17.803726455383305,73.30622741046575,0.026448335368392046
59.536275593036194,15.366406292888827,73.37158854677207,0.0019302522613236666
48.50385202269341,7.297010919498716,73.37939137136385,0.029738378936250493
54.374978371356335,6.142261105164639,73.38978396939417,0.041596404637963394
59.20316264636061,10.14887151432873,73.46562065868446,0.016151710515138158
45.13906251948802,13.691745769784532,73.47589726522489,0.0058698424394299665
57.23165974501341,19.082899231712446,73.62991043478428,0.057150846665414326
46.004360958400255,10.137259146768294,73.82750006102327,0.009866622726682444
57.36817369516057,7.605125669053223,73.84535382011737,0.049691794869764896
45.71791845837305,16.772534731002192,73.85091104670309,0.0038568642995563
59.329946807364976,16.122440676590166,73.86981559198139,0.003528592320541329
45.07732985676742,13.658968678563685,73.97592170075512,0.011484168806297284
58.592742181786896,8.958401781373874,74.00341774470166,0.014894719688633167
51.16427425583641,6.043642025914214,74.16529555411535,0.006180937581908701
46.398724483590065,18.083295367413747,74.2022845992967,0.0731986691142686
58.9292471440354,17.049772121089227,74.21265061985409,0.004573039735638567
45.356267436927965,11.68693017008705,74.41948188110278,0.03594857452809837
45.802039972603716,10.3835104744687,74.53277948208597,0.01465055990740101
45.00617019335778,13.405800793219067,74.62698044598595,0.026577510986832104
59.83979904165937,11.799453026569008,74.6676810774338,0.0318709144258867
46.69788129187861,8.885381595915554,74.68057566428857,0.014014046676599072
59.40341037235054,16.17900885724825,74.71659466467501,0.004714526026297143
45.9773946565008,17.540444738294664,74.77187193996936,0.030202212075088292
46.906151387674875,18.826078213966365,74.79268402775033,0.48956638262381263
46.15253683447583,17.835937964056434,74.82225332818821,0.04452569934630109
55.59837850714069,6.353883547637995,74.88511244447282,0.03460016383939209
58.06814105218599,8.153908178714717,74.88812638434155,0.02871814168121663
59.238353205768334,16.608018012014135,74.95740049249545,0.0004110679582175085
46.0734748774859,9.784807467156167,74.96549487689799,0.006424397755259896
46.04241339784982,17.698547374217938,75.01334292559837,0.03937003832344661
47.16128342693224,19.138527573539008,75.07414742979928,0.6518587645383526
58.58045130786692,8.752699500246575,75.08183949480457,0.01169416473304981
45.79184882566771,10.280297845762385,75.08213600509842,0.0166877840596192
59.93169500290131,14.71659420101903,75.28207408803736,0.03979062566792553
48.229814583182716,7.262955670603482,75.37450578486329,0.00971902033813084
46.77399708152881,8.66748395061173,75.39555778918233,0.021040045652731616
58.193016533997664,18.38562069616753,75.451230808172,0.06825915220576124
57.72174895962857,18.894415966611,75.56600632320522,0.06492228632088544
54.07282747843334,5.858649191757465,75.69173867638551,0.14225844872804946
45.80884443358766,10.10909701455991,75.71590202599657,0.01662334170133935
46.376745462901305,18.324338564761796,75.72488292191903,0.14689787974622623
47.14843640544277,8.168051236560396,75.80547439742027,0.03052838124573672
45.1449905377108,15.497155878499575,75.8999697164424,0.3426384656744324
45.90688217465865,9.880199812399079,75.95137780971359,0.011391442883556273
59.18332730047429,16.947652685420906,75.97081788113314,0.004341382943599719
54.85071313156444,5.977114094119881,76.06665594815256,0.06702028539449774
50.89106444676084,5.909979791165176,76.07953217366912,0.00956956558513074
47.00122619526722,8.287470690197457,76.09052686007132,0.028973113276939595
56.68063253238998,19.838290056659424,76.09501852163294,0.027046553891856357
47.69655789920632,19.76642671150413,76.13496706651078,0.04560397574720472
46.496127825592595,8.910815687202227,76.16715663592072,0.01189843244934881
58.651969774176514,17.892409295232884,76.19384680590014,0.005945849783635175
58.66014655755022,17.896839008013572,76.2890597972617,0.005557223785095893
59.88218969952649,11.231303603171064,76.31357454165058,0.005610962708366323
46.44190032196608,18.520782545081268,76.35798546243137,0.23270690647074507
52.78939146548817,5.660434364276016,76.52336366262217,0.08587454224777165
58.29192354287433,18.44230404925849,76.59897306494281,0.04681847870062146
51.85567224822111,5.675325865757763,76.67416162187642,0.011402029859588119
46.28307151580442,18.366273711672843,76.67956673919821,0.1572385841069411
58.98369534998024,9.01833003744629,76.77003889592051,0.005663813833158464
50.992894169402476,5.800103361410569,76.89097976347081,0.0046016291888611605
45.64688148298585,17.414388729663592,76.99783468631172,0.055551577725842696
57.630291296714184,19.18268210554514,77.12291308184012,0.02799674632534906
55.97267448464659,6.249797357263681,77.26645512052386,0.026490861268818017
57.37672758079209,7.146039804325599,77.28242868931203,0.020008660125419093
52.75070353645409,5.577256854406727,77.33016850880897,0.08582651684184046
46.75129082655875,8.37769444308457,77.4022101517638,0.024429426025896
56.3958468303809,6.44545723930654,77.45225569491559,0.02261089464592832
45.38906016462329,10.5851442938337,77.45757808036785,0.029687176847679703
49.06250280618222,6.470539480995294,77.58074789894417,0.018584822399012674
59.93051540859272,10.846921369706484,77.60558812892154,0.0034629348350484084
57.81022237555784,7.483870887585477,77.62553986076787,0.0383888371126125
57.48252723182168,19.383172547240108,77.67053982585674,0.025246781111142164
49.55609911504587,6.197246725767944,77.79924016032196,0.036077810700923044
48.53149303879359,6.765550711788945,77.83065232312833,0.016971785282399916
59.283700216266936,9.267006880978677,77.87009498987848,0.010773892567264092
58.496971366874945,8.16474480617658,77.98499133885373,0.02626388490158778
50.63059180262612,5.76118904549732,78.1763551258201,0.0065313844657942256
50.05452321696759,5.938011152213653,78.29073006354756,0.03201803298030999
58.26334541516805,18.73512915415336,78.34313497918743,0.023910696533326965
55.247727852225,5.847487456485986,78.36972172504608,0.058732605170567956
55.46076011505101,5.911699268592972,78.43306017059004,0.037846842081413604
49.856166833718966,5.997461717160057,78.44765868668101,0.03703622595627738
45.19460224288315,16.82593011745889,78.61797355182333,0.0033123522101653085
52.7916693531627,5.442083926440237,78.63651443563573,0.08611423382273305
58.47222130594131,8.030155709962356,78.63925575837072,0.026367792194483892
45.54254795017973,17.5947144657523,78.69187339241346,0.09984498271625515
59.20351668295311,17.48533658124449,78.73804110833771,0.009258262872768945
46.25448262032311,8.805444388060227,78.74755484627116,0.009789523654595804
48.08486529213079,6.963214737772089,78.83668840764057,0.0166444402844866
46.74290538904402,19.28500084469237,78.97032647659118,0.6440185052809887
57.0347528051418,19.96282557155705,79.02152258700198,0.007303126340153803
45.38150918211582,17.360988666906643,79.03132080227712,0.0742284869764865
55.754830201206346,5.952955692053984,79.06673656808438,0.019898450514225525
45.835491644773356,18.16152675023467,79.0727092498666,0.13713196675927639
53.14828860618138,5.398907144848165,79.17737132297418,0.10534950221596436
45.360313440281345,10.219963045912868,79.19859255947227,0.037641235233301165
54.9067927339421,5.657384665695821,79.23562262875961,0.12426073788753118
58.850364257443616,18.155372898853365,79.38446453323536,0.0026629445256878986
58.414371416293086,18.740762786365224,79.52027227695737,0.012613304138191133
56.37948023379263,6.188323756677612,79.52035723097023,0.01356664446085805
59.814408849085915,16.648821313819973,79.54255235790225,0.1737724112468789
57.968802489283796,19.206691808748808,79.58864887538789,0.009006927252690993
45.80931790314831,18.222090285705995,79.6001598074306,0.1464693132323794
58.352252075313565,7.725325254055555,79.70698857977918,0.02174724534653823
59.712856905939724,9.596221137001848,79.74035669891305,0.06565672426733389
45.635740663362014,17.984190315501504,79.78605806054695,0.14346802338342632
46.15263439650839,18.73855426849675,79.789540179532,0.23210937725058675
59.9155589423123,9.979655206114197,79.85109767349182,0.12998265515272242
59.66694599557953,16.97088680018166,79.88065216254083,0.06436096563935852
57.35908038979287,6.773782900481001,79.89214281001064,0.0006846106745036101
45.74674615266507,18.18474578279757,79.9072157397838,0.14949631886439993
45.376013520281425,17.568820810092863,79.97450800098702,0.1174963446511504
58.14916350026396,7.469363730500845,79.97516509811925,0.02355348324328251
57.008417063078525,6.4790233879110115,80.19612646873074,0.007674179625033766
55.375792522595965,5.691197847011295,80.20703407358272,0.05696646765556242
48.99523765350928,6.1949355102201284,80.33591236864112,0.0057655308022424735
57.69802974880065,19.567299459956754,80.40959778659749,0.030604364698880355
50.08532757355072,5.6952745821516695,80.44525517519064,0.01267355638116559
52.87726329246812,5.2386882703692415,80.5150176296041,0.06136785215141234
51.60768712620556,5.2893251247457505,80.71906540610505,0.010621267713637543
48.7932434510472,6.265703614569026,80.72869107111697,0.002387101986065581
51.08855967640586,5.362736716596225,80.91079892978381,0.01724790783452253
45.544584572993955,18.067970169541432,80.95554943457367,0.15940962810679257
46.394444635955146,8.245991921394584,80.99147892971011,0.019581273454483645
52.218538744509566,5.188102033904883,81.07623054360545,0.038492717238219745
57.864411749649975,7.024276233688325,81.1243596418284,0.015696732583925305
55.11330379620638,5.5082556436981225,81.1437537001986,0.09934654765185431
53.07420329490185,5.1672200805693915,81.18748730162663,0.04096906774804328
50.840356513639755,5.3857587457549,81.24218423280924,0.01538592379699029
59.35176802275984,8.705568360185799,81.29648668237948,0.008663348577434853
59.34459857317053,8.68822350116011,81.33656675419797,0.009736631162801395
47.17590942306062,7.3822983192100455,81.43811037173906,0.010701328887413446
50.45812726847822,5.464380510906119,81.48461996173117,0.002000873972398303
46.041490366632004,8.625171626725944,81.51854344834611,0.00778988616718042
55.51383546920526,5.594276193195167,81.53392392448055,0.04468895550450387
59.283726266579855,17.894607899532403,81.54891394489741,0.0074161155670174495
50.16929988614468,5.547778076604548,81.55837124653749,0.0025688139875149224
46.98883096180587,7.533590543494416,81.57563880768055,0.001676968035886866
58.975326613771905,18.407342270672366,81.89859215676165,0.002560348660259742
59.65699889524676,9.031494947966472,81.917257926707,0.027232115707071253
57.50192311639452,19.988953784009617,81.93396465024898,0.014977798252508627
53.84370526617232,5.140957930767937,81.9519263686748,0.05475894659809118
57.538280716280525,19.95648904595845,81.96582649192226,0.018839946695258087
57.59244128126829,6.662284954372393,82.03265064008704,0.0053132201568280735
57.868028551577105,19.657507770516197,82.12087688732834,0.04314789414603755
57.987057368857,6.974168168146489,82.22635216217992,0.015057681630756896
45.392153360241196,9.4994207868406,82.32855188106353,0.002208806082413766
46.89857172756423,19.93697692629499,82.38960384380599,0.06694905940854941
59.471769729433696,17.776751035672653,82.41212872382812,0.017825563538386897
59.5294163029293,8.744116346474165,82.45628003660943,0.009712362825545178
57.67260161177223,19.924228345404046,82.59809991871782,0.034427252637320896
54.1609220428202,5.070143999123977,82.91835229171173,0.06126818961535381
46.23043949837346,8.131430998721585,82.98246496217291,0.019906571465404605
59.129673275126855,8.086812861189475,83.12920949934653,0.05090736274097825
45.8495262876349,18.946215453666838,83.28934368882352,0.12924155299844306
59.53316246599495,17.853306888163367,83.29475543398513,0.022238919227780835
47.8844685712273,6.570751252905007,83.32581537318606,0.08997628407006804
59.40549443411843,18.049244506450307,83.37900644464588,0.00788163584899511
59.85829559085744,17.475523811281324,83.52148190051525,0.24457314179254927
59.02663611967648,18.6448252567755,83.74788717025427,0.0014399629070488023
58.362430258665704,7.101933746264642,83.77156125150816,0.011071950275542157
58.365459494522256,7.104729375640065,83.77316544847235,0.010959188705661553
45.11016990500315,9.68141489893131,83.81710375929087,0.027791306528221222
57.205052646680095,6.1380032662680355,83.85113517647764,0.057233452301367185
55.36925364322991,5.283038241817343,83.91915006229831,0.04232189426681206
47.45489546509798,6.8280675035591525,83.9478868822219,0.12298221331081212
59.77725579670127,17.66716504183482,84.02322644997089,0.1299460894921288
59.516976532698905,8.432997143208693,84.10326014766486,0.033031985378662546
58.104872172773,19.729014880691047,84.14013622636662,0.057782149729397395
57.530277500385566,6.321662758269198,84.17203299211398,0.04063452086176429
58.500138306074135,19.339879480243614,84.22916103014092,0.01409898471057776
46.120993600355476,8.047798289639854,84.35962861655419,0.022323959865267435
57.210819767676156,6.0510793888669365,84.56693415631348,0.07736156013276403
58.77566671463074,19.0861304723984,84.5680411098117,0.001148329037611156
50.805747757928145,5.028053803799411,84.72444634203887,0.13649664246610546
56.838910124563036,5.7984547116227505,84.86060468972005,0.057256309541677444
47.424776910677274,6.727733459800342,84.9272764929311,0.16084694972379684
59.743904161553395,8.58280823108891,85.03133208038254,0.015001008817868105
59.62202699283467,8.395157478660956,85.14635358699982,0.03209810548798149
47.558330845894865,6.589502176293217,85.17703112577209,0.16605039441343825
59.084780632747766,7.635679155405596,85.4602308209779,0.03303159731728218
59.24094193736045,7.755548941029339,85.91454054942665,0.05741931831368337
46.910256773873165,7.027812957516735,85.93313176669503,0.10182653096068524
58.23877799112454,19.95536341669107,86.46522570705781,0.07243917023617204
58.40211649491048,19.830599200904665,86.82979725050546,0.05340902264116838
48.69210114247272,5.608411885334089,86.89992563136332,0.03212990836742964
49.377973752223454,5.216980188920814,87.42989218861953,0.016425982746446872
59.70859698278818,18.370716643045988,87.5464405445864,0.021513427917276468
48.926595863226716,5.4060621977064605,87.6005988778011,0.05469850797100324
57.71904078759446,5.962571812918912,87.96439306567007,0.15154092304066244
56.9711356578247,5.495899875276295,88.04544953220939,0.10548856571710193
46.00239694262642,19.96080561693819,88.48496158150337,0.08615733092380314
46.367182211857575,7.177558522586072,88.50408877178907,0.02027162703631465
57.031325155453885,5.423166931792985,88.93954065581818,0.11615719438065415
59.04301585138634,6.975421217511251,89.21718956849429,0.0011214723787054842
59.42186399763061,7.4166169834166435,89.30123132813628,0.05172932396623427
45.528857972854226,7.968526999188731,89.58545158278082,0.05308658368232162
59.682862409233586,7.7096854884828385,89.64065867404301,0.09364465134546325
56.91509425369396,5.258568458217786,89.85920858991419,0.056572868096842546
56.979775494183144,5.288327658724236,89.87660210084508,0.07719717234282715
59.411927228254726,7.302945809793146,89.90368173440613,0.03910024648518291
45.21165421751795,8.30500330150694,90.2626706554867,0.006435322922121749
47.90631356403344,5.682442105810208,90.30728695186853,0.016990099925684527
59.402721411259556,7.219217339855254,90.33841867895536,0.029854955157694613
46.9231418558195,6.417127320791472,90.42356189943787,0.3772504874672143
59.55784413962725,19.071467510730024,90.68222441145326,0.001945663429629612
59.191530041957755,6.906294761392416,90.73098617017874,0.001483238499182598
45.608296907443965,19.92104045948672,91.09960287780166,0.15566777099035453
48.21532814278753,5.385568091036969,91.18154796310523,0.01565512234684892
45.22418202359767,19.487863239936175,91.4646425471135,0.07224984687456189
59.69930984944219,7.238038076966573,92.51494537212515,0.08420013467968264
45.53763953112771,7.491388321239464,92.53635303237138,0.11290802594350342
57.191951091904414,5.077254452908695,92.56499162750892,0.05077019806605339
59.04735314085637,6.443945563710239,92.87394382431333,0.005515007719728864
47.07176615018132,5.91932707006286,93.20125448465325,0.41125182673805855
47.091548918729345,5.86691790592814,93.47658023203509,0.3931775067250021
45.732687663980755,7.108641656213697,93.61922186931099,0.02970592514304034
46.307806583404584,6.516326397402031,93.7216309449442,0.24160551071223954
59.94005390020283,7.277788676246756,94.18294261915445,0.2104348968970192
59.970024125675266,7.305085780376054,94.26808715037794,0.23405392789697207
59.86374913929181,7.149506721141375,94.30903669692297,0.15397000022004823
45.46313982895562,7.307718101401683,94.33899877105219,0.14281373142249895
45.549122378140844,7.184017476091965,94.5045160872694,0.0967781400751085
59.80105172807717,7.027876191186767,94.53026539401768,0.10516171721712116
59.803284986107336,6.928008414896354,95.13573092093249,0.09364815802711408
45.54643722774417,7.094807433204924,95.13610918885061,0.08482288041920245
46.197779263792505,6.422234362709169,95.1660062173163,0.26196442192291786
47.09891886360301,5.54772126313591,95.87716783771435,0.28817757904504676
46.60060732104289,5.9495400909596095,95.90692427411976,0.5846456839614042
45.69584928054505,6.776634444534381,96.23677796936101,0.00943024947547773
45.308246925051996,7.19354568128499,96.3035307922419,0.21774135136444447
58.67701655657096,5.648741932090538,96.49938212212444,0.04017109493917477
59.825072497787886,6.703615205606148,96.65215706197496,0.06921781601010142
47.32705322054845,5.270626852171126,96.81589934165319,0.08170457612788258
45.70584826467785,6.670259253320646,96.92208478113056,0.016907362803627885
58.671847214898506,5.532451999726669,97.39826791551376,0.05180688918323202
59.736911934788075,6.461704798084892,97.6049125831446,0.008794002175696996
58.37320221768078,5.113366195371702,98.55811097672628,0.02775517280826197
46.69942658745129,5.510964737575903,98.57272276034124,0.43491799396075864
46.62046876982984,5.5671686864828045,98.642217604178,0.49565328517689183
59.14106372757395,5.78210834177772,98.69139417615193,0.10742778945483795
59.93168929689219,19.907924703924788,98.91531231673709,0.004238285196939877
59.65894730426702,6.176324400803087,99.10719338593096,0.021556719831429556
46.24669883343369,5.773021503503539,99.5887136548905,0.6199568293192136
45.12753212091937,6.88476767847988,99.7047507550176,0.2886962029420977
46.61365793871313,5.315245233365929,100.63696635418145,0.2782678429422197
58.86359170495022,5.228147128927639,101.10420568854192,0.10992882684319401
45.07085913003527,6.463832866233522,102.94323912387455,0.09908225202513339
45.747136052434655,5.796947374231864,103.00383998441686,0.541457249319243
46.258967023123205,5.286308213608503,103.20047358553883,0.25916962132270444
59.14632679099182,5.156895668300605,103.61471882083316,0.2883272451950836
45.940640020989804,5.483082678420747,103.94917109508184,0.5057051778379594
45.60446944347053,5.62195299574088,105.35822489844811,0.5433500540717581
45.676271537642364,5.37726406326812,106.67418568922403,0.4315064303269685
45.105594620910345,5.780145622366318,107.59433785398178,0.15523753802482707
45.03615054479448,5.815983866900572,107.74839526255452,0.0882774643706546
45.370220762225635,5.481466999160772,108.07328900442833,0.4341993417507331
45.50615404596495,5.335920963992053,108.20581062758747,0.3900520480298076
45.0806002386721,5.364641184095463,110.77478735997414,0.20735378650953526
