number,value,datetime_start,datetime_complete,duration,params_mu,params_sigma,state
117,0.11992748357346664,2023-07-11 23:08:42.989530,2023-07-11 23:08:43.520963,0 days 00:00:00.531433,52.496297568240934,13.488408524913025,COMPLETE
223,0.22076270095305575,2023-07-11 23:08:46.942837,2023-07-11 23:08:47.558310,0 days 00:00:00.615473,52.484855576748274,13.48407187823808,COMPLETE
122,0.22146464634085636,2023-07-11 23:08:43.186604,2023-07-11 23:08:43.748221,0 days 00:00:00.561617,52.48625396230316,13.518441801621085,COMPLETE
123,0.23804353664477337,2023-07-11 23:08:43.213479,2023-07-11 23:08:43.706838,0 days 00:00:00.493359,52.52290722265353,13.50579517167971,COMPLETE
228,0.33537486628293117,2023-07-11 23:08:47.079121,2023-07-11 23:08:47.636847,0 days 00:00:00.557726,52.52583521807635,13.52098430816457,COMPLETE
119,0.48588868981128064,2023-07-11 23:08:43.010679,2023-07-11 23:08:43.491288,0 days 00:00:00.480609,52.50196939730089,13.549891919302354,COMPLETE
134,0.5923628254970673,2023-07-11 23:08:43.570650,2023-07-11 23:08:44.166791,0 days 00:00:00.596141,52.556948561707486,13.514621065443809,COMPLETE
118,0.5949537375406397,2023-07-11 23:08:42.993900,2023-07-11 23:08:43.564120,0 days 00:00:00.570220,52.461668536556274,13.454699890131337,COMPLETE
121,0.685721952917137,2023-07-11 23:08:43.077292,2023-07-11 23:08:43.603496,0 days 00:00:00.526204,52.51786030152043,13.567422483936207,COMPLETE
231,0.7205326396668161,2023-07-11 23:08:47.136617,2023-07-11 23:08:47.781314,0 days 00:00:00.644697,52.5720143593683,13.500880026849927,COMPLETE
226,0.7618720998483784,2023-07-11 23:08:47.008189,2023-07-11 23:08:47.722417,0 days 00:00:00.714228,52.57445359260632,13.480059091904057,COMPLETE
127,0.8581616673255247,2023-07-11 23:08:43.359662,2023-07-11 23:08:43.894371,0 days 00:00:00.534709,52.48432909964099,13.413789484894043,COMPLETE
138,0.8768616059303489,2023-07-11 23:08:43.731052,2023-07-11 23:08:44.260312,0 days 00:00:00.529260,52.4547451649857,13.57917264976204,COMPLETE
230,0.9957498698770563,2023-07-11 23:08:47.131149,2023-07-11 23:08:47.780313,0 days 00:00:00.649164,52.599632382631455,13.493854650080037,COMPLETE
129,1.083821029822325,2023-07-11 23:08:43.469092,2023-07-11 23:08:43.920420,0 days 00:00:00.451328,52.4637311432942,13.39633956766551,COMPLETE
125,1.0991999775433583,2023-07-11 23:08:43.308388,2023-07-11 23:08:43.862690,0 days 00:00:00.554302,52.53459633572579,13.605991997394785,COMPLETE
130,1.182276007040264,2023-07-11 23:08:43.474803,2023-07-11 23:08:44.008045,0 days 00:00:00.533242,52.47501297730688,13.382069073204992,COMPLETE
235,1.2753681004260369,2023-07-11 23:08:47.300019,2023-07-11 23:08:47.928548,0 days 00:00:00.628529,52.62745254541334,13.487757462820937,COMPLETE
229,1.3183924002859142,2023-07-11 23:08:47.083257,2023-07-11 23:08:47.720574,0 days 00:00:00.637317,52.62882358250254,13.46542058943108,COMPLETE
227,1.3798150166708083,2023-07-11 23:08:47.058115,2023-07-11 23:08:47.671762,0 days 00:00:00.613647,52.630564562843375,13.44843709973317,COMPLETE
233,1.4061957931892128,2023-07-11 23:08:47.231812,2023-07-11 23:08:47.877253,0 days 00:00:00.645441,52.63833478319214,13.520954940144083,COMPLETE
241,1.4433649076356168,2023-07-11 23:08:47.664190,2023-07-11 23:08:48.336226,0 days 00:00:00.672036,52.634766045921,13.547991010950122,COMPLETE
249,1.5309185269990784,2023-07-11 23:08:47.907906,2023-07-11 23:08:48.575426,0 days 00:00:00.667520,52.65295214496457,13.502941121607627,COMPLETE
453,1.556025101499655,2023-07-11 23:08:57.136811,2023-07-11 23:08:57.792064,0 days 00:00:00.655253,52.646964084438274,13.44105125265231,COMPLETE
240,1.5710033851166603,2023-07-11 23:08:47.632984,2023-07-11 23:08:48.294978,0 days 00:00:00.661994,52.65675434527541,13.481132069187526,COMPLETE
247,1.5851271686444794,2023-07-11 23:08:47.825204,2023-07-11 23:08:48.466558,0 days 00:00:00.641354,52.65436245277578,13.531332642337954,COMPLETE
232,1.6380964573255463,2023-07-11 23:08:47.186824,2023-07-11 23:08:47.835624,0 days 00:00:00.648800,52.6381292221839,13.585185551905369,COMPLETE
136,1.7013269965761573,2023-07-11 23:08:43.620589,2023-07-11 23:08:44.134964,0 days 00:00:00.514375,52.53031687141766,13.326443522030221,COMPLETE
242,1.7767814843146112,2023-07-11 23:08:47.714052,2023-07-11 23:08:48.335175,0 days 00:00:00.621123,52.67460395795367,13.527499711506541,COMPLETE
243,1.807729646420983,2023-07-11 23:08:47.718163,2023-07-11 23:08:48.329081,0 days 00:00:00.610918,52.679928960007466,13.512068226418954,COMPLETE
131,1.8936611358076625,2023-07-11 23:08:43.477687,2023-07-11 23:08:44.037677,0 days 00:00:00.559990,52.67915666855997,13.429145414102159,COMPLETE
234,1.9053271425769012,2023-07-11 23:08:47.271723,2023-07-11 23:08:47.987664,0 days 00:00:00.715941,52.6906266282568,13.49696433196175,COMPLETE
250,1.9848336140620433,2023-07-11 23:08:47.955448,2023-07-11 23:08:48.596972,0 days 00:00:00.641524,52.69801503872296,13.508114095683895,COMPLETE
236,2.0751264287556226,2023-07-11 23:08:47.326552,2023-07-11 23:08:47.960545,0 days 00:00:00.633993,52.70757422321723,13.484880949846437,COMPLETE
292,2.0778031858307604,2023-07-11 23:08:49.862683,2023-07-11 23:08:50.502343,0 days 00:00:00.639660,52.45791868894526,13.711160076025148,COMPLETE
133,2.0805507374917056,2023-07-11 23:08:43.542143,2023-07-11 23:08:44.085288,0 days 00:00:00.543145,52.456969091451086,13.292221960231938,COMPLETE
238,2.153042340281898,2023-07-11 23:08:47.550613,2023-07-11 23:08:48.210706,0 days 00:00:00.660093,52.71348692405597,13.46128359866282,COMPLETE
237,2.196449890937642,2023-07-11 23:08:47.380073,2023-07-11 23:08:48.033945,0 days 00:00:00.653872,52.70967408676796,13.42357489048522,COMPLETE
135,2.2082153644231575,2023-07-11 23:08:43.577838,2023-07-11 23:08:44.106792,0 days 00:00:00.528954,52.40792188004413,13.29712494607584,COMPLETE
301,2.345216377584491,2023-07-11 23:08:50.179265,2023-07-11 23:08:50.828200,0 days 00:00:00.648935,52.47792930678073,13.74122565393787,COMPLETE
378,2.355175160640163,2023-07-11 23:08:53.636471,2023-07-11 23:08:54.385496,0 days 00:00:00.749025,52.70617189214745,13.609089001986147,COMPLETE
297,2.4556000256011155,2023-07-11 23:08:50.014131,2023-07-11 23:08:50.677263,0 days 00:00:00.663132,52.49712647978608,13.752858015148336,COMPLETE
373,2.5100206383982675,2023-07-11 23:08:53.458648,2023-07-11 23:08:54.195896,0 days 00:00:00.737248,52.72694710516204,13.601509528746902,COMPLETE
239,2.5531097880849507,2023-07-11 23:08:47.582856,2023-07-11 23:08:48.257031,0 days 00:00:00.674175,52.75506362405965,13.474063830875913,COMPLETE
300,2.5869835618297032,2023-07-11 23:08:50.136411,2023-07-11 23:08:50.851237,0 days 00:00:00.714826,52.51676873765556,13.765039569124053,COMPLETE
155,2.671756899925693,2023-07-11 23:08:44.355884,2023-07-11 23:08:44.928413,0 days 00:00:00.572529,52.279371367155,13.664348847318783,COMPLETE
132,2.700832841449171,2023-07-11 23:08:43.480723,2023-07-11 23:08:43.978336,0 days 00:00:00.497613,52.757192680072365,13.40401936550777,COMPLETE
288,2.784161587919644,2023-07-11 23:08:49.693319,2023-07-11 23:08:50.347765,0 days 00:00:00.654446,52.5437772210419,13.781235202961533,COMPLETE
294,2.7917863807735026,2023-07-11 23:08:49.938661,2023-07-11 23:08:50.556699,0 days 00:00:00.618038,52.49374975117119,13.787545047459103,COMPLETE
299,2.8115643142434794,2023-07-11 23:08:50.094121,2023-07-11 23:08:50.734701,0 days 00:00:00.640580,52.5000300006926,13.789396911412767,COMPLETE
375,2.8219385981251817,2023-07-11 23:08:53.528282,2023-07-11 23:08:54.151715,0 days 00:00:00.623433,52.766335686660206,13.585762928874225,COMPLETE
372,2.87761117488005,2023-07-11 23:08:53.455525,2023-07-11 23:08:54.150346,0 days 00:00:00.694821,52.761696731969906,13.612980108399363,COMPLETE
295,2.8874082767673386,2023-07-11 23:08:49.944642,2023-07-11 23:08:50.594984,0 days 00:00:00.650342,52.46999131176398,13.796820280032346,COMPLETE
293,2.9898600110253963,2023-07-11 23:08:49.917475,2023-07-11 23:08:50.576609,0 days 00:00:00.659134,52.472482757505674,13.807567108376928,COMPLETE
382,3.0245476334616477,2023-07-11 23:08:53.853969,2023-07-11 23:08:54.507578,0 days 00:00:00.653609,52.789850451994816,13.57791012313321,COMPLETE
399,3.0299334691959605,2023-07-11 23:08:54.648617,2023-07-11 23:08:55.336229,0 days 00:00:00.687612,52.44175490423411,13.196304777508143,COMPLETE
377,3.044886312895669,2023-07-11 23:08:53.596305,2023-07-11 23:08:54.283447,0 days 00:00:00.687142,52.75459144293106,13.661860644361063,COMPLETE
298,3.055189194205907,2023-07-11 23:08:50.062911,2023-07-11 23:08:50.731122,0 days 00:00:00.668211,52.48143204313021,13.814650712529952,COMPLETE
367,3.074206204570208,2023-07-11 23:08:53.221631,2023-07-11 23:08:53.910721,0 days 00:00:00.689090,52.76061467605823,13.65755592900765,COMPLETE
296,3.1025337605577956,2023-07-11 23:08:49.946538,2023-07-11 23:08:50.605152,0 days 00:00:00.658614,52.50434712354714,13.819139643093003,COMPLETE
379,3.253293457035156,2023-07-11 23:08:53.666517,2023-07-11 23:08:54.355025,0 days 00:00:00.688508,52.81393924180545,13.575970265965815,COMPLETE
374,3.257121376084833,2023-07-11 23:08:53.501769,2023-07-11 23:08:54.237109,0 days 00:00:00.735340,52.817867915356814,13.561324190319965,COMPLETE
390,3.2735465312004357,2023-07-11 23:08:54.245564,2023-07-11 23:08:54.959908,0 days 00:00:00.714344,52.45177564673423,13.168684211634812,COMPLETE
380,3.304259909000393,2023-07-11 23:08:53.766405,2023-07-11 23:08:54.471012,0 days 00:00:00.704607,52.81068576197994,13.603829398568713,COMPLETE
161,3.3471132266856203,2023-07-11 23:08:44.573577,2023-07-11 23:08:45.099002,0 days 00:00:00.525425,52.1904249298532,13.644205434801176,COMPLETE
331,3.3521587982461143,2023-07-11 23:08:51.524825,2023-07-11 23:08:52.202262,0 days 00:00:00.677437,52.78476094976551,13.305982981987277,COMPLETE
302,3.425084567998614,2023-07-11 23:08:50.316978,2023-07-11 23:08:50.991302,0 days 00:00:00.674324,52.47520403017818,13.852635008693609,COMPLETE
402,3.4473897332243078,2023-07-11 23:08:54.789031,2023-07-11 23:08:55.473883,0 days 00:00:00.684852,52.41943198609676,13.15824838134257,COMPLETE
405,3.492070225976831,2023-07-11 23:08:54.911339,2023-07-11 23:08:55.683827,0 days 00:00:00.772488,52.446218301525036,13.147028869125728,COMPLETE
192,3.550500809136365,2023-07-11 23:08:45.678533,2023-07-11 23:08:46.254023,0 days 00:00:00.575490,52.78118789561394,13.265117006390625,COMPLETE
321,3.554425231568341,2023-07-11 23:08:51.163682,2023-07-11 23:08:51.835903,0 days 00:00:00.672221,52.83731144240425,13.370086412947336,COMPLETE
376,3.613978268644465,2023-07-11 23:08:53.554078,2023-07-11 23:08:54.214972,0 days 00:00:00.660894,52.841070687093634,13.60988747173152,COMPLETE
381,3.6713849543736674,2023-07-11 23:08:53.797846,2023-07-11 23:08:54.539877,0 days 00:00:00.742031,52.859227939438995,13.564751762331314,COMPLETE
404,3.7102410199914524,2023-07-11 23:08:54.905343,2023-07-11 23:08:55.603500,0 days 00:00:00.698157,52.39591633328849,13.13765018010884,COMPLETE
497,3.7390698547832257,2023-07-11 23:08:59.188741,2023-07-11 23:08:59.712091,0 days 00:00:00.523350,52.22489624854594,13.77209760481763,COMPLETE
328,3.7416827874031213,2023-07-11 23:08:51.367218,2023-07-11 23:08:52.072301,0 days 00:00:00.705083,52.82128506786126,13.289082559038373,COMPLETE
177,3.75881517132458,2023-07-11 23:08:45.168425,2023-07-11 23:08:45.713714,0 days 00:00:00.545289,52.85300614377709,13.351933926500362,COMPLETE
326,3.8275937622071026,2023-07-11 23:08:51.310967,2023-07-11 23:08:52.010910,0 days 00:00:00.699943,52.84536416025808,13.315503363650446,COMPLETE
413,3.840891383424196,2023-07-11 23:08:55.257565,2023-07-11 23:08:55.926686,0 days 00:00:00.669121,52.413969314478614,13.8888235514709,COMPLETE
181,3.8544343825244467,2023-07-11 23:08:45.288539,2023-07-11 23:08:45.904999,0 days 00:00:00.616460,52.86204510692808,13.348329726758662,COMPLETE
189,3.9275499880051035,2023-07-11 23:08:45.569673,2023-07-11 23:08:46.071792,0 days 00:00:00.502119,52.87931072858866,13.378549159790845,COMPLETE
186,3.9872787482097536,2023-07-11 23:08:45.448620,2023-07-11 23:08:46.036345,0 days 00:00:00.587725,52.82961521508415,13.255246126268325,COMPLETE
56,4.01771273299179,2023-07-11 23:08:40.784441,2023-07-11 23:08:41.195670,0 days 00:00:00.411229,52.76376375598217,13.177121331104326,COMPLETE
218,4.308073748840843,2023-07-11 23:08:46.592209,2023-07-11 23:08:47.248676,0 days 00:00:00.656467,52.35770378186005,13.9243846523356,COMPLETE
187,4.319512685040076,2023-07-11 23:08:45.535996,2023-07-11 23:08:46.127007,0 days 00:00:00.591011,52.86728974650332,13.250564614115017,COMPLETE
362,4.353969551077321,2023-07-11 23:08:52.905547,2023-07-11 23:08:53.603419,0 days 00:00:00.697872,52.06676449797183,13.565611981678071,COMPLETE
384,4.376194308030446,2023-07-11 23:08:53.968408,2023-07-11 23:08:54.652871,0 days 00:00:00.684463,52.90862234789673,13.645451942973489,COMPLETE
499,4.379341983706248,2023-07-11 23:08:59.302266,2023-07-11 23:08:59.730967,0 days 00:00:00.428701,52.137696747106425,13.768412741459404,COMPLETE
184,4.400552496798112,2023-07-11 23:08:45.349469,2023-07-11 23:08:45.872939,0 days 00:00:00.523470,52.881576821162376,13.258298855865572,COMPLETE
180,4.441743096511407,2023-07-11 23:08:45.227806,2023-07-11 23:08:45.685620,0 days 00:00:00.457814,52.878615314689284,13.245019993054992,COMPLETE
128,4.4531857274728335,2023-07-11 23:08:43.399828,2023-07-11 23:08:43.946464,0 days 00:00:00.546636,52.91904480260812,13.63898333306286,COMPLETE
191,4.460662286506006,2023-07-11 23:08:45.669746,2023-07-11 23:08:46.233029,0 days 00:00:00.563283,52.90959349562749,13.300714961740372,COMPLETE
212,4.479433013377299,2023-07-11 23:08:46.359608,2023-07-11 23:08:47.082532,0 days 00:00:00.722924,52.61486681102844,13.941002549181466,COMPLETE
422,4.515862457257375,2023-07-11 23:08:55.681442,2023-07-11 23:08:56.371299,0 days 00:00:00.689857,52.410594396071964,13.95927940847221,COMPLETE
167,4.516173297164066,2023-07-11 23:08:44.755740,2023-07-11 23:08:45.248318,0 days 00:00:00.492578,52.0820475022432,13.693957314023306,COMPLETE
225,4.563985319238969,2023-07-11 23:08:47.001210,2023-07-11 23:08:47.690209,0 days 00:00:00.688999,52.53077806716155,13.967455769911897,COMPLETE
383,4.56455595290502,2023-07-11 23:08:53.942124,2023-07-11 23:08:54.620947,0 days 00:00:00.678823,52.915217308518066,13.678971079715675,COMPLETE
57,4.592175858823959,2023-07-11 23:08:40.805301,2023-07-11 23:08:41.312805,0 days 00:00:00.507504,52.85488256795359,13.185209827745796,COMPLETE
410,4.593746164736525,2023-07-11 23:08:55.105999,2023-07-11 23:08:55.759241,0 days 00:00:00.653242,52.425669492684115,13.969647131038508,COMPLETE
222,4.6372733119892695,2023-07-11 23:08:46.872538,2023-07-11 23:08:47.525953,0 days 00:00:00.653415,52.42199891725418,13.973708012960405,COMPLETE
179,4.678940251512629,2023-07-11 23:08:45.199150,2023-07-11 23:08:45.776993,0 days 00:00:00.577843,52.905858583846594,13.243256975809109,COMPLETE
210,4.706490038069093,2023-07-11 23:08:46.327136,2023-07-11 23:08:46.956749,0 days 00:00:00.629613,52.21590761847314,13.897980834318838,COMPLETE
498,4.757732006100673,2023-07-11 23:08:59.277644,2023-07-11 23:08:59.748261,0 days 00:00:00.470617,52.125650704841924,13.817877611144793,COMPLETE
221,4.768320305309849,2023-07-11 23:08:46.682910,2023-07-11 23:08:47.273557,0 days 00:00:00.590647,52.24895685138989,13.92763101697396,COMPLETE
495,4.800585617071254,2023-07-11 23:08:59.042182,2023-07-11 23:08:59.622498,0 days 00:00:00.580316,52.09290345540232,13.778983072028995,COMPLETE
408,4.845108957478139,2023-07-11 23:08:55.018511,2023-07-11 23:08:55.654630,0 days 00:00:00.636119,52.4596478865605,13.998627442188845,COMPLETE
386,4.848178535896667,2023-07-11 23:08:54.071172,2023-07-11 23:08:54.740340,0 days 00:00:00.669168,52.97251964044209,13.594085601585718,COMPLETE
385,4.853073427286712,2023-07-11 23:08:54.027563,2023-07-11 23:08:54.761903,0 days 00:00:00.734340,52.958561257812505,13.645928024834053,COMPLETE
417,4.861243315794434,2023-07-11 23:08:55.499509,2023-07-11 23:08:56.203915,0 days 00:00:00.704406,52.42761460847898,13.997753408003064,COMPLETE
270,4.908233598261283,2023-07-11 23:08:48.928425,2023-07-11 23:08:49.616468,0 days 00:00:00.688043,52.57592224686639,12.997767339717118,COMPLETE
190,4.911936423494064,2023-07-11 23:08:45.624894,2023-07-11 23:08:46.156719,0 days 00:00:00.531825,52.94188592420633,13.260485521685624,COMPLETE
214,4.933237714120036,2023-07-11 23:08:46.451367,2023-07-11 23:08:47.010486,0 days 00:00:00.559119,52.325525730113846,13.98212680220591,COMPLETE
220,4.967703177512556,2023-07-11 23:08:46.648082,2023-07-11 23:08:47.356428,0 days 00:00:00.708346,52.28817641651249,13.971226380346451,COMPLETE
178,5.064471827248987,2023-07-11 23:08:45.170438,2023-07-11 23:08:45.741781,0 days 00:00:00.571343,52.9574516664703,13.256904192774904,COMPLETE
114,5.074194625935993,2023-07-11 23:08:42.885084,2023-07-11 23:08:43.430820,0 days 00:00:00.545736,52.5065584593681,12.977482633693748,COMPLETE
55,5.131861192549578,2023-07-11 23:08:40.781716,2023-07-11 23:08:41.268323,0 days 00:00:00.486607,53.003286927007785,13.374232561032521,COMPLETE
251,5.13528709761595,2023-07-11 23:08:47.985556,2023-07-11 23:08:48.693252,0 days 00:00:00.707696,53.010793745931394,13.537511989709222,COMPLETE
211,5.181474504502311,2023-07-11 23:08:46.355627,2023-07-11 23:08:47.007440,0 days 00:00:00.651813,52.26483268532196,13.984916742671137,COMPLETE
213,5.199908384900869,2023-07-11 23:08:46.446151,2023-07-11 23:08:47.101893,0 days 00:00:00.655742,52.265430642292664,13.987331396468765,COMPLETE
219,5.234155571285645,2023-07-11 23:08:46.617885,2023-07-11 23:08:47.301671,0 days 00:00:00.683786,52.31057934719559,13.005415071276765,COMPLETE
188,5.257059558357544,2023-07-11 23:08:45.539790,2023-07-11 23:08:46.035732,0 days 00:00:00.495942,52.98703189915536,13.275490703362404,COMPLETE
216,5.267128047039455,2023-07-11 23:08:46.501350,2023-07-11 23:08:47.165255,0 days 00:00:00.663905,52.234792900891094,13.979340345946307,COMPLETE
215,5.285347041211714,2023-07-11 23:08:46.452591,2023-07-11 23:08:47.053527,0 days 00:00:00.600936,52.154177748070076,13.925738886275951,COMPLETE
224,5.308140116562524,2023-07-11 23:08:46.946818,2023-07-11 23:08:47.609787,0 days 00:00:00.662969,52.436965148893314,14.045081662503401,COMPLETE
201,5.313693948871754,2023-07-11 23:08:45.988450,2023-07-11 23:08:46.523604,0 days 00:00:00.535154,52.21159274609321,13.971270304943321,COMPLETE
53,5.427028443211507,2023-07-11 23:08:40.731145,2023-07-11 23:08:41.169306,0 days 00:00:00.438161,53.001105725574305,13.264137676401248,COMPLETE
387,5.443617658516353,2023-07-11 23:08:54.097657,2023-07-11 23:08:54.793795,0 days 00:00:00.696138,53.03991859962689,13.55275947418717,COMPLETE
204,5.474298672265945,2023-07-11 23:08:46.103694,2023-07-11 23:08:46.590124,0 days 00:00:00.486430,52.18425359423404,13.973345336180321,COMPLETE
116,5.4847033560572545,2023-07-11 23:08:42.950745,2023-07-11 23:08:43.427749,0 days 00:00:00.477004,52.52636808369111,12.935029702091628,COMPLETE
481,5.490057857933769,2023-07-11 23:08:58.453907,2023-07-11 23:08:59.163745,0 days 00:00:00.709838,52.66472010967993,12.954184344412107,COMPLETE
59,5.523623917943546,2023-07-11 23:08:41.020547,2023-07-11 23:08:41.528672,0 days 00:00:00.508125,52.743730877704536,12.979764387278628,COMPLETE
217,5.524146287083788,2023-07-11 23:08:46.548116,2023-07-11 23:08:47.206312,0 days 00:00:00.658196,52.24313833333721,14.01397224901834,COMPLETE
286,5.633806630866242,2023-07-11 23:08:49.620432,2023-07-11 23:08:50.293559,0 days 00:00:00.673127,51.99765703642091,13.783782464994934,COMPLETE
252,5.7301808922347774,2023-07-11 23:08:48.013837,2023-07-11 23:08:48.648333,0 days 00:00:00.634496,53.071282837929466,13.528161853941345,COMPLETE
54,5.803832924917028,2023-07-11 23:08:40.777536,2023-07-11 23:08:41.221244,0 days 00:00:00.443708,52.93640097742618,13.087985731633161,COMPLETE
246,5.811639290382422,2023-07-11 23:08:47.820422,2023-07-11 23:08:48.495198,0 days 00:00:00.674776,53.07693392811797,13.552278310887289,COMPLETE
49,5.833859195578697,2023-07-11 23:08:40.665962,2023-07-11 23:08:41.147260,0 days 00:00:00.481298,53.06000771431901,13.307362749408258,COMPLETE
257,5.870038187970681,2023-07-11 23:08:48.377282,2023-07-11 23:08:48.982391,0 days 00:00:00.605109,53.05325343470337,13.680641984390002,COMPLETE
176,5.93068611334847,2023-07-11 23:08:45.164963,2023-07-11 23:08:45.628430,0 days 00:00:00.463467,51.9402297383062,13.31984549218155,COMPLETE
254,5.9683892195953545,2023-07-11 23:08:48.237775,2023-07-11 23:08:48.904528,0 days 00:00:00.666753,53.093673704192874,13.543472399741145,COMPLETE
51,5.993106313967096,2023-07-11 23:08:40.684817,2023-07-11 23:08:41.220784,0 days 00:00:00.535967,53.06671546929222,13.274924167489177,COMPLETE
371,5.994027800956445,2023-07-11 23:08:53.370162,2023-07-11 23:08:54.073958,0 days 00:00:00.703796,52.7718402402247,12.938939862548777,COMPLETE
244,6.025806923671814,2023-07-11 23:08:47.743599,2023-07-11 23:08:48.405578,0 days 00:00:00.661979,53.10160214137501,13.51849412762029,COMPLETE
496,6.0527767094910425,2023-07-11 23:08:59.145679,2023-07-11 23:08:59.692618,0 days 00:00:00.546939,52.207856078202454,12.966124343341228,COMPLETE
245,6.058060800250696,2023-07-11 23:08:47.768013,2023-07-11 23:08:48.402303,0 days 00:00:00.634290,53.10004457062397,13.564766855024804,COMPLETE
170,6.070327743769351,2023-07-11 23:08:44.886915,2023-07-11 23:08:45.420969,0 days 00:00:00.534054,51.910043495151875,13.673140041552452,COMPLETE
248,6.072360327665585,2023-07-11 23:08:47.860770,2023-07-11 23:08:48.521068,0 days 00:00:00.660298,53.10445200641973,13.540033410123966,COMPLETE
392,6.078277397805151,2023-07-11 23:08:54.275730,2023-07-11 23:08:54.963490,0 days 00:00:00.687760,53.071033048422706,13.261107915665814,COMPLETE
486,6.0945387816838315,2023-07-11 23:08:58.693817,2023-07-11 23:08:59.383369,0 days 00:00:00.689552,52.14253201584017,13.00627295883998,COMPLETE
487,6.094847744767632,2023-07-11 23:08:58.699322,2023-07-11 23:08:59.426416,0 days 00:00:00.727094,52.2189155672649,12.954680321789372,COMPLETE
346,6.165191237442682,2023-07-11 23:08:52.184285,2023-07-11 23:08:52.909061,0 days 00:00:00.724776,52.173590869889736,14.05181448014024,COMPLETE
483,6.19250220467991,2023-07-11 23:08:58.525836,2023-07-11 23:08:59.281572,0 days 00:00:00.755736,52.13125864451607,13.002722128398831,COMPLETE
272,6.228937290525802,2023-07-11 23:08:49.006555,2023-07-11 23:08:49.710887,0 days 00:00:00.704332,52.060242127326816,13.063482284745138,COMPLETE
256,6.26094307689819,2023-07-11 23:08:48.321077,2023-07-11 23:08:49.005470,0 days 00:00:00.684393,52.995360359184254,13.085182175452982,COMPLETE
491,6.26353475796253,2023-07-11 23:08:58.878515,2023-07-11 23:08:59.547266,0 days 00:00:00.668751,52.14759304488406,12.98117176937479,COMPLETE
493,6.29951115677315,2023-07-11 23:08:59.011039,2023-07-11 23:08:59.663280,0 days 00:00:00.652241,52.155821965104394,12.97075507106766,COMPLETE
52,6.32693800256717,2023-07-11 23:08:40.687243,2023-07-11 23:08:41.172293,0 days 00:00:00.485050,53.11602955987363,13.32431966838909,COMPLETE
140,6.3303573800004616,2023-07-11 23:08:43.804186,2023-07-11 23:08:44.363292,0 days 00:00:00.559106,52.57630075211896,14.143741339798362,COMPLETE
492,6.331204132302301,2023-07-11 23:08:58.950838,2023-07-11 23:08:59.596102,0 days 00:00:00.645264,52.1350114802213,12.982170368013458,COMPLETE
389,6.357006134714545,2023-07-11 23:08:54.242500,2023-07-11 23:08:54.862775,0 days 00:00:00.620275,53.10921279639304,13.286631189615798,COMPLETE
159,6.377970906633385,2023-07-11 23:08:44.500167,2023-07-11 23:08:45.087592,0 days 00:00:00.587425,51.87923270427565,13.678084759223594,COMPLETE
274,6.3922355837867215,2023-07-11 23:08:49.068843,2023-07-11 23:08:49.752455,0 days 00:00:00.683612,52.007920247710025,13.099605722687642,COMPLETE
172,6.414293888297361,2023-07-11 23:08:44.971320,2023-07-11 23:08:45.544550,0 days 00:00:00.573230,51.85807592452977,13.529478134886299,COMPLETE
480,6.435490066776033,2023-07-11 23:08:58.375734,2023-07-11 23:08:59.117484,0 days 00:00:00.741750,52.72885262323817,12.871493205715284,COMPLETE
174,6.464979941334562,2023-07-11 23:08:45.050680,2023-07-11 23:08:45.602457,0 days 00:00:00.551777,51.86790676872258,13.667790809373852,COMPLETE
139,6.542869124196138,2023-07-11 23:08:43.779020,2023-07-11 23:08:44.327131,0 days 00:00:00.548111,52.47896091717799,14.17397569457172,COMPLETE
50,6.588832863310905,2023-07-11 23:08:40.668649,2023-07-11 23:08:41.150196,0 days 00:00:00.481547,53.15895004641206,13.49820335918693,COMPLETE
166,6.596821942302008,2023-07-11 23:08:44.719550,2023-07-11 23:08:45.251807,0 days 00:00:00.532257,51.85553097730471,13.673593401901318,COMPLETE
169,6.621982390732203,2023-07-11 23:08:44.834727,2023-07-11 23:08:45.372706,0 days 00:00:00.537979,51.87872024330582,13.762546259333986,COMPLETE
165,6.622972859266885,2023-07-11 23:08:44.687565,2023-07-11 23:08:45.249349,0 days 00:00:00.561784,51.860718853789386,13.706088630094818,COMPLETE
489,6.724628984568081,2023-07-11 23:08:58.765047,2023-07-11 23:08:59.489138,0 days 00:00:00.724091,52.15075473858244,12.922549557532712,COMPLETE
258,6.806288948481548,2023-07-11 23:08:48.406675,2023-07-11 23:08:49.043587,0 days 00:00:00.636912,53.067627240245756,13.089605435291174,COMPLETE
352,6.817878764691793,2023-07-11 23:08:52.548814,2023-07-11 23:08:53.235827,0 days 00:00:00.687013,52.21062100468513,14.147321383236443,COMPLETE
488,6.818555220601856,2023-07-11 23:08:58.761436,2023-07-11 23:08:59.448904,0 days 00:00:00.687468,52.174573828558856,12.896362201077595,COMPLETE
446,6.828492600852801,2023-07-11 23:08:56.756495,2023-07-11 23:08:57.454476,0 days 00:00:00.697981,51.8207339838172,13.450618822527666,COMPLETE
137,6.8314355139250384,2023-07-11 23:08:43.624935,2023-07-11 23:08:44.055659,0 days 00:00:00.430724,52.485979832817655,14.203592176374116,COMPLETE
153,6.8413041688521625,2023-07-11 23:08:44.205946,2023-07-11 23:08:44.806950,0 days 00:00:00.601004,52.38785205064357,14.199241980429036,COMPLETE
369,6.84170588005502,2023-07-11 23:08:53.295514,2023-07-11 23:08:54.045413,0 days 00:00:00.749899,52.7831527267224,12.847277762020262,COMPLETE
149,6.916404846931849,2023-07-11 23:08:44.088451,2023-07-11 23:08:44.690492,0 days 00:00:00.602041,52.42435193574,14.210732002113714,COMPLETE
388,6.929148737149451,2023-07-11 23:08:54.197489,2023-07-11 23:08:54.864203,0 days 00:00:00.666714,53.090814519114915,13.10251038916672,COMPLETE
163,6.966526912696575,2023-07-11 23:08:44.627274,2023-07-11 23:08:45.194068,0 days 00:00:00.566794,51.806189802860956,13.598874348080988,COMPLETE
253,6.990854591612517,2023-07-11 23:08:48.055424,2023-07-11 23:08:48.732723,0 days 00:00:00.677299,53.06151155515128,13.047866851376902,COMPLETE
260,7.036422317359071,2023-07-11 23:08:48.450981,2023-07-11 23:08:49.102805,0 days 00:00:00.651824,53.09760989830599,13.092545006343844,COMPLETE
175,7.060797295625091,2023-07-11 23:08:45.090067,2023-07-11 23:08:45.626842,0 days 00:00:00.536775,51.80118810686494,13.636299045626208,COMPLETE
98,7.094945060855994,2023-07-11 23:08:42.337378,2023-07-11 23:08:42.822350,0 days 00:00:00.484972,53.12467250455213,13.821752346211989,COMPLETE
393,7.109423672919691,2023-07-11 23:08:54.319069,2023-07-11 23:08:55.076367,0 days 00:00:00.757298,53.11362388475772,13.104602989595254,COMPLETE
439,7.1245587781799005,2023-07-11 23:08:56.477356,2023-07-11 23:08:57.156286,0 days 00:00:00.678930,51.79730739800231,13.404294214398757,COMPLETE
347,7.127058251192862,2023-07-11 23:08:52.228668,2023-07-11 23:08:52.882480,0 days 00:00:00.653812,52.18548245266993,14.171236864274265,COMPLETE
259,7.171258854783535,2023-07-11 23:08:48.425796,2023-07-11 23:08:49.185070,0 days 00:00:00.759274,53.0935799988061,13.060912139034642,COMPLETE
142,7.175045589700725,2023-07-11 23:08:43.890894,2023-07-11 23:08:44.414056,0 days 00:00:00.523162,52.5020948154448,14.238448736759956,COMPLETE
337,7.187219203305248,2023-07-11 23:08:51.858025,2023-07-11 23:08:52.525090,0 days 00:00:00.667065,52.8207867730007,14.14907733163847,COMPLETE
472,7.204823010913241,2023-07-11 23:08:57.992754,2023-07-11 23:08:58.738034,0 days 00:00:00.745280,52.61787375910174,14.226824311227926,COMPLETE
482,7.2344608072105325,2023-07-11 23:08:58.497075,2023-07-11 23:08:59.232589,0 days 00:00:00.735514,52.999853314561705,12.94093127523693,COMPLETE
341,7.264377971634159,2023-07-11 23:08:52.008942,2023-07-11 23:08:52.674170,0 days 00:00:00.665228,52.093933028810866,14.13676471888169,COMPLETE
261,7.276270539698423,2023-07-11 23:08:48.455775,2023-07-11 23:08:49.080709,0 days 00:00:00.624934,53.089373807353965,13.036120868458436,COMPLETE
361,7.282946330587325,2023-07-11 23:08:52.847513,2023-07-11 23:08:53.567705,0 days 00:00:00.720192,52.14401726689905,12.860349257365515,COMPLETE
101,7.285725134778277,2023-07-11 23:08:42.410597,2023-07-11 23:08:42.863523,0 days 00:00:00.452926,53.13962264716573,13.833972525749129,COMPLETE
60,7.335051666582668,2023-07-11 23:08:41.041324,2023-07-11 23:08:41.580420,0 days 00:00:00.539096,52.77681955678895,12.789456667728826,COMPLETE
370,7.344612035710195,2023-07-11 23:08:53.320933,2023-07-11 23:08:54.003739,0 days 00:00:00.682806,52.74272626700933,12.776530902265268,COMPLETE
265,7.347035951857094,2023-07-11 23:08:48.614666,2023-07-11 23:08:49.259188,0 days 00:00:00.644522,53.109659927304655,13.052412623982484,COMPLETE
263,7.362301071502158,2023-07-11 23:08:48.538867,2023-07-11 23:08:49.216437,0 days 00:00:00.677570,53.05602047655109,12.98011705508414,COMPLETE
173,7.3717146127949,2023-07-11 23:08:45.006556,2023-07-11 23:08:45.516817,0 days 00:00:00.510261,51.790914868263606,13.738336699062954,COMPLETE
162,7.372838050986465,2023-07-11 23:08:44.621591,2023-07-11 23:08:45.167038,0 days 00:00:00.545447,51.776040516979414,13.676111042584804,COMPLETE
391,7.380756791342866,2023-07-11 23:08:54.270703,2023-07-11 23:08:54.927230,0 days 00:00:00.656527,53.167658473192155,13.147817893564046,COMPLETE
143,7.39514854084081,2023-07-11 23:08:43.915077,2023-07-11 23:08:44.472063,0 days 00:00:00.556986,52.559803243699264,14.2562675658184,COMPLETE
147,7.458456718262749,2023-07-11 23:08:44.034604,2023-07-11 23:08:44.551421,0 days 00:00:00.516817,52.609362794042795,14.254969672427158,COMPLETE
351,7.47944065227019,2023-07-11 23:08:52.489126,2023-07-11 23:08:53.187446,0 days 00:00:00.698320,52.15333009739418,14.196446929478991,COMPLETE
356,7.480821704565985,2023-07-11 23:08:52.701206,2023-07-11 23:08:53.412395,0 days 00:00:00.711189,52.1690095680489,12.82281075467492,COMPLETE
494,7.515251774604187,2023-07-11 23:08:59.033728,2023-07-11 23:08:59.644368,0 days 00:00:00.610640,52.08029304871306,12.875187180172752,COMPLETE
207,7.5207080813069025,2023-07-11 23:08:46.254942,2023-07-11 23:08:46.895855,0 days 00:00:00.640913,52.235214494682324,12.786153990074585,COMPLETE
208,7.558488762607875,2023-07-11 23:08:46.276526,2023-07-11 23:08:46.953503,0 days 00:00:00.676977,52.168098234124955,12.814403151370666,COMPLETE
475,7.572576189841892,2023-07-11 23:08:58.085951,2023-07-11 23:08:58.849921,0 days 00:00:00.763970,52.6749889853451,14.251264541998797,COMPLETE
145,7.5766745600647445,2023-07-11 23:08:43.969944,2023-07-11 23:08:44.548897,0 days 00:00:00.578953,52.49785818334673,14.279961558232246,COMPLETE
452,7.580933196892438,2023-07-11 23:08:57.131600,2023-07-11 23:08:57.902224,0 days 00:00:00.770624,53.2576472806031,13.428288340264322,COMPLETE
141,7.582143722281475,2023-07-11 23:08:43.856699,2023-07-11 23:08:44.414795,0 days 00:00:00.558096,52.44012109314464,14.280445730767623,COMPLETE
476,7.600605614580673,2023-07-11 23:08:58.187115,2023-07-11 23:08:58.923970,0 days 00:00:00.736855,52.67686674175209,14.253693857534708,COMPLETE
151,7.601918718586455,2023-07-11 23:08:44.140585,2023-07-11 23:08:44.753286,0 days 00:00:00.612701,52.38187008434447,14.27779748447946,COMPLETE
349,7.602433334663238,2023-07-11 23:08:52.351126,2023-07-11 23:08:53.040293,0 days 00:00:00.689167,52.14602026923652,14.207097561709366,COMPLETE
360,7.6251667316475364,2023-07-11 23:08:52.812591,2023-07-11 23:08:53.471012,0 days 00:00:00.658421,52.16353282192092,12.80924663723938,COMPLETE
394,7.631009329604877,2023-07-11 23:08:54.381796,2023-07-11 23:08:55.047332,0 days 00:00:00.665536,53.169074826374036,13.094044206385274,COMPLETE
262,7.643722474741625,2023-07-11 23:08:48.492234,2023-07-11 23:08:49.127127,0 days 00:00:00.634893,53.08420486353396,12.96827682240701,COMPLETE
154,7.663240787975196,2023-07-11 23:08:44.287307,2023-07-11 23:08:44.859794,0 days 00:00:00.572487,52.23497141531594,14.250987572252996,COMPLETE
150,7.664338743199764,2023-07-11 23:08:44.138712,2023-07-11 23:08:44.660404,0 days 00:00:00.521692,52.36073318977502,14.281461248071713,COMPLETE
440,7.728974896392709,2023-07-11 23:08:56.481252,2023-07-11 23:08:57.235805,0 days 00:00:00.754553,51.72659122891864,13.519059352805634,COMPLETE
339,7.754584268250165,2023-07-11 23:08:51.932115,2023-07-11 23:08:52.623581,0 days 00:00:00.691466,52.8274301721071,14.210331704040067,COMPLETE
255,7.798211176834632,2023-07-11 23:08:48.286437,2023-07-11 23:08:48.938849,0 days 00:00:00.652412,53.12719340890834,12.996773692731633,COMPLETE
479,7.865660007235061,2023-07-11 23:08:58.284834,2023-07-11 23:08:58.962383,0 days 00:00:00.677549,52.65378503379333,14.287758538904193,COMPLETE
164,7.921377744843775,2023-07-11 23:08:44.655637,2023-07-11 23:08:45.121143,0 days 00:00:00.465506,51.72610409161376,13.708329811008543,COMPLETE
350,7.92647303800057,2023-07-11 23:08:52.433204,2023-07-11 23:08:53.124706,0 days 00:00:00.691502,52.1623485142609,14.252037661796535,COMPLETE
203,7.937761769098922,2023-07-11 23:08:46.098338,2023-07-11 23:08:46.621241,0 days 00:00:00.522903,52.639080756772756,12.689909551408878,COMPLETE
206,7.966001163399568,2023-07-11 23:08:46.189215,2023-07-11 23:08:46.846735,0 days 00:00:00.657520,52.223112367555,12.742370243862897,COMPLETE
436,8.009129356689428,2023-07-11 23:08:56.360661,2023-07-11 23:08:57.106745,0 days 00:00:00.746084,51.774444471776484,13.879906995589147,COMPLETE
200,8.064846428547362,2023-07-11 23:08:45.932810,2023-07-11 23:08:46.479499,0 days 00:00:00.546689,52.71076935701128,12.690093254133634,COMPLETE
144,8.070708170138003,2023-07-11 23:08:43.947928,2023-07-11 23:08:44.499482,0 days 00:00:00.551554,52.58071297889418,14.32328310571854,COMPLETE
103,8.074774007833462,2023-07-11 23:08:42.433593,2023-07-11 23:08:42.931351,0 days 00:00:00.497758,53.13409021767579,12.958918849832799,COMPLETE
398,8.139846922570568,2023-07-11 23:08:54.564097,2023-07-11 23:08:55.267570,0 days 00:00:00.703473,53.17810477749268,13.9366720142495,COMPLETE
107,8.16974561573025,2023-07-11 23:08:42.663020,2023-07-11 23:08:43.165140,0 days 00:00:00.502120,53.30043737951431,13.638864342672383,COMPLETE
358,8.251458691018343,2023-07-11 23:08:52.759301,2023-07-11 23:08:53.431615,0 days 00:00:00.672314,52.238801957085954,12.704910999589814,COMPLETE
199,8.28557877967824,2023-07-11 23:08:45.900277,2023-07-11 23:08:46.379194,0 days 00:00:00.478917,52.71215664310121,12.666898972526074,COMPLETE
397,8.310574700023158,2023-07-11 23:08:54.535597,2023-07-11 23:08:55.198008,0 days 00:00:00.662411,53.221970234298745,13.8952777401842,COMPLETE
106,8.320960546777211,2023-07-11 23:08:42.623468,2023-07-11 23:08:43.185484,0 days 00:00:00.562016,53.184682961166864,12.984594651217558,COMPLETE
97,8.326445249454087,2023-07-11 23:08:42.289992,2023-07-11 23:08:42.775127,0 days 00:00:00.485135,53.235644348241365,13.872615767164898,COMPLETE
428,8.376416797862172,2023-07-11 23:08:55.951774,2023-07-11 23:08:56.703357,0 days 00:00:00.751583,51.77123359366301,13.955794718051019,COMPLETE
205,8.399577055405311,2023-07-11 23:08:46.154672,2023-07-11 23:08:46.657909,0 days 00:00:00.503237,52.347805754295685,12.655907745281006,COMPLETE
168,8.41959568747787,2023-07-11 23:08:44.777396,2023-07-11 23:08:45.322003,0 days 00:00:00.544607,51.65867367574393,13.582267961275258,COMPLETE
209,8.53513117595353,2023-07-11 23:08:46.279256,2023-07-11 23:08:46.899149,0 days 00:00:00.619893,52.13115479964051,12.722619338169157,COMPLETE
102,8.54635724111235,2023-07-11 23:08:42.430636,2023-07-11 23:08:42.933209,0 days 00:00:00.502573,53.260893398891334,13.067243906281613,COMPLETE
96,8.548364444353934,2023-07-11 23:08:42.259533,2023-07-11 23:08:42.837545,0 days 00:00:00.578012,53.23898037152585,13.91323138956592,COMPLETE
355,8.555373499452383,2023-07-11 23:08:52.646160,2023-07-11 23:08:53.339993,0 days 00:00:00.693833,52.123766431561435,12.72428310402433,COMPLETE
171,8.595028417037831,2023-07-11 23:08:44.967693,2023-07-11 23:08:45.494673,0 days 00:00:00.526980,51.670005025965466,13.766106038155048,COMPLETE
100,8.659943263407808,2023-07-11 23:08:42.393172,2023-07-11 23:08:42.905027,0 days 00:00:00.511855,53.20750260626226,13.986012859394798,COMPLETE
357,8.68862159348907,2023-07-11 23:08:52.727369,2023-07-11 23:08:53.472920,0 days 00:00:00.745551,52.151378461552504,12.694893536213133,COMPLETE
364,8.718599768437834,2023-07-11 23:08:53.041657,2023-07-11 23:08:53.772875,0 days 00:00:00.731218,51.8660808213709,12.909164373338191,COMPLETE
267,8.759299343721569,2023-07-11 23:08:48.675614,2023-07-11 23:08:49.358249,0 days 00:00:00.682635,53.28650658563894,13.069804192524078,COMPLETE
461,8.790854322892503,2023-07-11 23:08:57.509270,2023-07-11 23:08:58.202263,0 days 00:00:00.692993,53.37768610181005,13.401937657072455,COMPLETE
202,8.795886891274733,2023-07-11 23:08:46.090020,2023-07-11 23:08:46.562753,0 days 00:00:00.472733,52.60801494597261,12.597069324938072,COMPLETE
61,8.80881637542889,2023-07-11 23:08:41.076040,2023-07-11 23:08:41.598221,0 days 00:00:00.522181,52.596978966647846,12.594849164429771,COMPLETE
268,8.835504937069413,2023-07-11 23:08:48.719888,2023-07-11 23:08:49.385746,0 days 00:00:00.665858,53.32266158532224,13.133035019254667,COMPLETE
477,8.839565743167677,2023-07-11 23:08:58.232210,2023-07-11 23:08:58.957942,0 days 00:00:00.725732,52.62619555437371,14.395423060991254,COMPLETE
329,8.861967410921665,2023-07-11 23:08:51.408992,2023-07-11 23:08:52.091752,0 days 00:00:00.682760,53.385155853785726,13.40690554984946,COMPLETE
333,8.877606836391223,2023-07-11 23:08:51.615975,2023-07-11 23:08:52.287462,0 days 00:00:00.671487,53.381614982539865,13.350905187759166,COMPLETE
110,8.892898903957667,2023-07-11 23:08:42.761441,2023-07-11 23:08:43.257960,0 days 00:00:00.496519,53.26000073108059,13.945360056356696,COMPLETE
450,8.935908775321879,2023-07-11 23:08:57.009337,2023-07-11 23:08:57.740872,0 days 00:00:00.731535,53.39243467118156,13.404408612714352,COMPLETE
448,8.936860435064304,2023-07-11 23:08:56.888112,2023-07-11 23:08:57.604499,0 days 00:00:00.716387,53.394382516711445,13.46636263164486,COMPLETE
111,9.063490484992599,2023-07-11 23:08:42.798794,2023-07-11 23:08:43.377868,0 days 00:00:00.579074,53.19285940371398,12.869680660313664,COMPLETE
197,9.079038307566051,2023-07-11 23:08:45.869165,2023-07-11 23:08:46.383045,0 days 00:00:00.513880,52.218813723931596,12.62281111367868,COMPLETE
474,9.122349892535484,2023-07-11 23:08:58.077050,2023-07-11 23:08:58.763418,0 days 00:00:00.686368,52.631895873928265,14.423752395259651,COMPLETE
104,9.188982875174878,2023-07-11 23:08:42.479283,2023-07-11 23:08:42.990703,0 days 00:00:00.511420,53.32001066978344,13.038461054304033,COMPLETE
307,9.225209566928426,2023-07-11 23:08:50.541960,2023-07-11 23:08:51.123624,0 days 00:00:00.581664,51.61644152472974,13.811400416030613,COMPLETE
105,9.24165301894729,2023-07-11 23:08:42.504476,2023-07-11 23:08:43.049572,0 days 00:00:00.545096,53.25291273000851,12.916855672934618,COMPLETE
109,9.290219586695521,2023-07-11 23:08:42.737037,2023-07-11 23:08:43.284449,0 days 00:00:00.547412,53.22040344837856,12.866146467180855,COMPLETE
322,9.291678076286413,2023-07-11 23:08:51.189697,2023-07-11 23:08:51.900429,0 days 00:00:00.710732,53.42287560729812,13.345105927963989,COMPLETE
365,9.38781762925809,2023-07-11 23:08:53.067857,2023-07-11 23:08:53.741514,0 days 00:00:00.673657,51.92465120550847,12.759519214077637,COMPLETE
368,9.409903651916792,2023-07-11 23:08:53.257126,2023-07-11 23:08:53.940499,0 days 00:00:00.683373,51.8742730839269,12.801636890134343,COMPLETE
68,9.414089916695893,2023-07-11 23:08:41.267689,2023-07-11 23:08:41.817106,0 days 00:00:00.549417,52.201626350614646,12.593026002357952,COMPLETE
63,9.45768093602548,2023-07-11 23:08:41.143592,2023-07-11 23:08:41.598880,0 days 00:00:00.455288,52.80355764498462,12.565566289226972,COMPLETE
451,9.460723211962534,2023-07-11 23:08:57.051020,2023-07-11 23:08:57.763779,0 days 00:00:00.712759,53.446323294061045,13.430105399957515,COMPLETE
287,9.503757994468097,2023-07-11 23:08:49.643725,2023-07-11 23:08:50.346940,0 days 00:00:00.703215,52.49628302328,14.478378684899162,COMPLETE
280,9.611857676661195,2023-07-11 23:08:49.241180,2023-07-11 23:08:49.864548,0 days 00:00:00.623368,52.51452206381161,14.48865731450013,COMPLETE
366,9.61878937910334,2023-07-11 23:08:53.151250,2023-07-11 23:08:53.827837,0 days 00:00:00.676587,51.91146949268772,12.740486434817456,COMPLETE
64,9.68833312739013,2023-07-11 23:08:41.189413,2023-07-11 23:08:41.650042,0 days 00:00:00.460629,52.84531615267191,12.554088827511181,COMPLETE
305,9.725088007728859,2023-07-11 23:08:50.455875,2023-07-11 23:08:51.118481,0 days 00:00:00.662606,51.5619185655796,13.804949982840515,COMPLETE
99,9.738481932448424,2023-07-11 23:08:42.385483,2023-07-11 23:08:42.973487,0 days 00:00:00.588004,53.3553810948381,12.984732097650589,COMPLETE
327,9.80836586442414,2023-07-11 23:08:51.363774,2023-07-11 23:08:52.030509,0 days 00:00:00.666735,53.46871452469589,13.297459902499345,COMPLETE
332,9.899550824187548,2023-07-11 23:08:51.613499,2023-07-11 23:08:52.324542,0 days 00:00:00.711043,53.484141069677634,13.342578944507233,COMPLETE
320,9.922508929073159,2023-07-11 23:08:51.104438,2023-07-11 23:08:51.799148,0 days 00:00:00.694710,53.49199073655519,13.412906019875162,COMPLETE
282,9.949054159535383,2023-07-11 23:08:49.338315,2023-07-11 23:08:50.034146,0 days 00:00:00.695831,52.51070704051123,14.523574344110994,COMPLETE
316,9.971465904799949,2023-07-11 23:08:50.852960,2023-07-11 23:08:51.559220,0 days 00:00:00.706260,51.51356196051497,13.38487675559773,COMPLETE
363,9.972439225422375,2023-07-11 23:08:52.934311,2023-07-11 23:08:53.642805,0 days 00:00:00.708494,51.98857565560589,12.639370411972688,COMPLETE
108,9.986958716445526,2023-07-11 23:08:42.699775,2023-07-11 23:08:43.239578,0 days 00:00:00.539803,53.316064658838364,12.873250112550757,COMPLETE
198,9.997503554688135,2023-07-11 23:08:45.871180,2023-07-11 23:08:46.427324,0 days 00:00:00.556144,52.73345138188191,12.489837666785899,COMPLETE
308,10.006095252299753,2023-07-11 23:08:50.545999,2023-07-11 23:08:51.232241,0 days 00:00:00.686242,51.51670604372953,13.734989297428926,COMPLETE
335,10.01518591343334,2023-07-11 23:08:51.777975,2023-07-11 23:08:52.464809,0 days 00:00:00.686834,53.49539718380828,13.338643999080182,COMPLETE
319,10.025141797903729,2023-07-11 23:08:51.067345,2023-07-11 23:08:51.754482,0 days 00:00:00.687137,51.50377556462555,13.41824358846503,COMPLETE
459,10.043815502725451,2023-07-11 23:08:57.338595,2023-07-11 23:08:58.057643,0 days 00:00:00.719048,53.50290380223159,13.389782774513186,COMPLETE
69,10.124611392116675,2023-07-11 23:08:41.283412,2023-07-11 23:08:41.748100,0 days 00:00:00.464688,52.41906164866947,12.464486976562721,COMPLETE
71,10.29162360501245,2023-07-11 23:08:41.315104,2023-07-11 23:08:41.752374,0 days 00:00:00.437270,51.96468321287751,12.616793395354822,COMPLETE
281,10.312810799766144,2023-07-11 23:08:49.288843,2023-07-11 23:08:49.988495,0 days 00:00:00.699652,52.01655261684224,14.457546501613516,COMPLETE
73,10.556487899577835,2023-07-11 23:08:41.371894,2023-07-11 23:08:41.872702,0 days 00:00:00.500808,52.1766882564983,12.478708076749724,COMPLETE
66,10.596377062093639,2023-07-11 23:08:41.196579,2023-07-11 23:08:41.723871,0 days 00:00:00.527292,52.67816509656453,12.417546418534943,COMPLETE
112,10.615126720469933,2023-07-11 23:08:42.865384,2023-07-11 23:08:43.359116,0 days 00:00:00.493732,53.426817556045044,12.92822952238236,COMPLETE
317,10.708010548527822,2023-07-11 23:08:50.872956,2023-07-11 23:08:51.561232,0 days 00:00:00.688276,51.44092009171035,13.374881910890162,COMPLETE
285,10.803242327860401,2023-07-11 23:08:49.480922,2023-07-11 23:08:50.152430,0 days 00:00:00.671508,52.01778632405495,14.514906310314274,COMPLETE
311,10.839862936528407,2023-07-11 23:08:50.627223,2023-07-11 23:08:51.261417,0 days 00:00:00.634194,51.582628345262144,14.132924602537363,COMPLETE
284,10.870469148302861,2023-07-11 23:08:49.415909,2023-07-11 23:08:50.105190,0 days 00:00:00.689281,51.94976685810638,14.48765918759181,COMPLETE
345,10.881861670391915,2023-07-11 23:08:52.119057,2023-07-11 23:08:52.782623,0 days 00:00:00.663566,52.226579717617525,12.426928725388372,COMPLETE
44,11.047192867991905,2023-07-11 23:08:40.525619,2023-07-11 23:08:41.018659,0 days 00:00:00.493040,53.563007467385766,13.144172468467834,COMPLETE
95,11.06620479057634,2023-07-11 23:08:42.239197,2023-07-11 23:08:42.805169,0 days 00:00:00.565972,51.4357113899099,13.85838356918198,COMPLETE
182,11.101301294817603,2023-07-11 23:08:45.292348,2023-07-11 23:08:45.817678,0 days 00:00:00.525330,53.59705091113068,13.274807461580222,COMPLETE
72,11.130425881993975,2023-07-11 23:08:41.366078,2023-07-11 23:08:41.849990,0 days 00:00:00.483912,52.17890562643661,12.41603969407564,COMPLETE
70,11.208060060789691,2023-07-11 23:08:41.286204,2023-07-11 23:08:41.871694,0 days 00:00:00.585490,52.063804318502584,12.454911137952735,COMPLETE
416,11.229714389068448,2023-07-11 23:08:55.384442,2023-07-11 23:08:56.060218,0 days 00:00:00.675776,52.32283762248641,12.365778852649449,COMPLETE
411,11.25781539056792,2023-07-11 23:08:55.142322,2023-07-11 23:08:55.842837,0 days 00:00:00.700515,52.440124887570846,12.345294136044775,COMPLETE
65,11.27262046215368,2023-07-11 23:08:41.194760,2023-07-11 23:08:41.729792,0 days 00:00:00.535032,52.81255018960711,12.372381386818054,COMPLETE
62,11.459788373632158,2023-07-11 23:08:41.097987,2023-07-11 23:08:41.620716,0 days 00:00:00.522729,52.856027680606736,12.364202256426783,COMPLETE
185,11.521190799062445,2023-07-11 23:08:45.396954,2023-07-11 23:08:45.960456,0 days 00:00:00.563502,53.630298225040065,13.219679835365264,COMPLETE
183,11.538361843230918,2023-07-11 23:08:45.324536,2023-07-11 23:08:45.845967,0 days 00:00:00.521431,53.6443148366248,13.294153015711117,COMPLETE
462,11.642128986219037,2023-07-11 23:08:57.515674,2023-07-11 23:08:58.231606,0 days 00:00:00.715932,52.656038583583445,14.68118903295592,COMPLETE
447,11.676432891610748,2023-07-11 23:08:56.829680,2023-07-11 23:08:57.532705,0 days 00:00:00.703025,53.66855678214995,13.45024812912174,COMPLETE
338,11.752542780305777,2023-07-11 23:08:51.889087,2023-07-11 23:08:52.575879,0 days 00:00:00.686792,53.40964221373833,14.229816489777777,COMPLETE
43,12.193978999363518,2023-07-11 23:08:40.488438,2023-07-11 23:08:41.044446,0 days 00:00:00.556008,53.71611631962658,13.554969986385334,COMPLETE
466,12.316682291004803,2023-07-11 23:08:57.767998,2023-07-11 23:08:58.470824,0 days 00:00:00.702826,52.679711655880546,14.746906251215668,COMPLETE
42,12.439769925129688,2023-07-11 23:08:40.457841,2023-07-11 23:08:40.947494,0 days 00:00:00.489653,53.73992260281963,13.56447470466542,COMPLETE
196,12.5095678773631,2023-07-11 23:08:45.800011,2023-07-11 23:08:46.307776,0 days 00:00:00.507765,53.53854594191675,12.738645650152305,COMPLETE
47,12.51692709362242,2023-07-11 23:08:40.592103,2023-07-11 23:08:41.123449,0 days 00:00:00.531346,53.74818616098942,13.340196532313662,COMPLETE
464,12.615799545194289,2023-07-11 23:08:57.636282,2023-07-11 23:08:58.354727,0 days 00:00:00.718445,52.615376742520205,14.788428373491412,COMPLETE
148,12.690162220191201,2023-07-11 23:08:44.086370,2023-07-11 23:08:44.626076,0 days 00:00:00.539706,52.438494079073806,14.807188322830815,COMPLETE
67,12.775379663776201,2023-07-11 23:08:41.223497,2023-07-11 23:08:41.706311,0 days 00:00:00.482814,52.667175210037264,12.189492642333507,COMPLETE
336,12.880220571659946,2023-07-11 23:08:51.824298,2023-07-11 23:08:52.543476,0 days 00:00:00.719178,52.7990218575487,12.198205746193437,COMPLETE
454,12.938080201669786,2023-07-11 23:08:57.182205,2023-07-11 23:08:57.867145,0 days 00:00:00.684940,51.21321642372452,13.404249998465705,COMPLETE
430,13.035446340375678,2023-07-11 23:08:56.023224,2023-07-11 23:08:56.729908,0 days 00:00:00.706684,51.778833389239416,12.41127289668254,COMPLETE
195,13.038085279500606,2023-07-11 23:08:45.767738,2023-07-11 23:08:46.277544,0 days 00:00:00.509806,53.60451756990454,12.740493384418789,COMPLETE
157,13.054774812333761,2023-07-11 23:08:44.469720,2023-07-11 23:08:45.069408,0 days 00:00:00.599688,52.220575273282066,14.824035514148687,COMPLETE
194,13.136870961652924,2023-07-11 23:08:45.739939,2023-07-11 23:08:46.282282,0 days 00:00:00.542343,53.601627417800145,12.717107333547723,COMPLETE
156,13.182431402624617,2023-07-11 23:08:44.406775,2023-07-11 23:08:44.923432,0 days 00:00:00.516657,52.25178398219431,14.842763907981467,COMPLETE
46,13.249400963832096,2023-07-11 23:08:40.591113,2023-07-11 23:08:41.077386,0 days 00:00:00.486273,53.825815769182825,13.424611341846639,COMPLETE
34,13.307112939065272,2023-07-11 23:08:40.124087,2023-07-11 23:08:40.595740,0 days 00:00:00.471653,53.680732935576515,14.085451618539132,COMPLETE
158,13.324631587816642,2023-07-11 23:08:44.474142,2023-07-11 23:08:44.978116,0 days 00:00:00.503974,51.721334109928165,14.645132080050386,COMPLETE
323,13.427708745753648,2023-07-11 23:08:51.192431,2023-07-11 23:08:51.831584,0 days 00:00:00.639153,52.787108197731875,12.138085849290597,COMPLETE
75,13.479797611900281,2023-07-11 23:08:41.554906,2023-07-11 23:08:42.086441,0 days 00:00:00.531535,51.938821605709684,12.261111057157812,COMPLETE
146,13.494176539677257,2023-07-11 23:08:44.006804,2023-07-11 23:08:44.577934,0 days 00:00:00.571130,52.75139396823596,14.854455836620186,COMPLETE
13,13.65988393753593,2023-07-11 23:08:39.874410,2023-07-11 23:08:39.947131,0 days 00:00:00.072721,53.83001975467818,13.120746277538874,COMPLETE
41,13.692710210282925,2023-07-11 23:08:40.268659,2023-07-11 23:08:40.707727,0 days 00:00:00.439068,53.52508411611423,14.393590882999568,COMPLETE
152,13.73308716102199,2023-07-11 23:08:44.193807,2023-07-11 23:08:44.723413,0 days 00:00:00.529606,52.22875822503341,14.8968121119331,COMPLETE
427,13.85371882229592,2023-07-11 23:08:55.869073,2023-07-11 23:08:56.582563,0 days 00:00:00.713490,53.80155809000252,13.938316967672506,COMPLETE
92,14.042921412611083,2023-07-11 23:08:42.186156,2023-07-11 23:08:42.665316,0 days 00:00:00.479160,51.135008707503594,13.8996951125806,COMPLETE
160,14.18718450820658,2023-07-11 23:08:44.522460,2023-07-11 23:08:45.019843,0 days 00:00:00.497383,51.786833383678726,14.791775486541347,COMPLETE
39,14.409681577777402,2023-07-11 23:08:40.262114,2023-07-11 23:08:40.669364,0 days 00:00:00.407250,53.83476960723306,14.007119991721195,COMPLETE
193,14.473597531540197,2023-07-11 23:08:45.709000,2023-07-11 23:08:46.210645,0 days 00:00:00.501645,53.618802050562,12.508190493590018,COMPLETE
45,14.69408142736279,2023-07-11 23:08:40.566328,2023-07-11 23:08:40.999922,0 days 00:00:00.433594,53.970453694025124,13.421910744358387,COMPLETE
334,14.821765438305125,2023-07-11 23:08:51.722996,2023-07-11 23:08:52.405673,0 days 00:00:00.682677,53.44831991806936,12.288249837969845,COMPLETE
74,15.055605821593074,2023-07-11 23:08:41.517415,2023-07-11 23:08:42.044556,0 days 00:00:00.527141,52.26184630473838,11.979486914115068,COMPLETE
414,15.27328626817857,2023-07-11 23:08:55.300960,2023-07-11 23:08:55.986552,0 days 00:00:00.685592,52.421615934336025,15.07322455704306,COMPLETE
330,15.33735087619855,2023-07-11 23:08:51.469241,2023-07-11 23:08:52.151516,0 days 00:00:00.682275,50.98673204104597,13.297306049769992,COMPLETE
463,15.485281917243459,2023-07-11 23:08:57.558549,2023-07-11 23:08:58.233808,0 days 00:00:00.675259,53.39926456144263,14.761500912978287,COMPLETE
344,15.636088049265766,2023-07-11 23:08:52.093464,2023-07-11 23:08:52.820757,0 days 00:00:00.727293,53.92995068170547,14.095440829758259,COMPLETE
33,15.80885041372501,2023-07-11 23:08:40.122562,2023-07-11 23:08:40.544614,0 days 00:00:00.422052,54.00777811316648,13.931540292025462,COMPLETE
325,15.842822070968714,2023-07-11 23:08:51.284821,2023-07-11 23:08:51.981590,0 days 00:00:00.696769,50.929537984156646,13.339727271599198,COMPLETE
77,15.97821628794944,2023-07-11 23:08:41.642829,2023-07-11 23:08:42.179175,0 days 00:00:00.536346,52.03935732741347,11.943821348403436,COMPLETE
468,16.20941900101875,2023-07-11 23:08:57.828761,2023-07-11 23:08:58.495596,0 days 00:00:00.666835,51.130329372402,14.44980997377294,COMPLETE
76,16.38693890219809,2023-07-11 23:08:41.601429,2023-07-11 23:08:42.138776,0 days 00:00:00.537347,52.02308549669119,11.905593103271702,COMPLETE
80,16.43957619226531,2023-07-11 23:08:41.702280,2023-07-11 23:08:42.137785,0 days 00:00:00.435505,51.79414629514716,12.000247993095464,COMPLETE
412,16.46707878394712,2023-07-11 23:08:55.223502,2023-07-11 23:08:55.954519,0 days 00:00:00.731017,52.4040947119763,15.196012811009142,COMPLETE
78,16.481012746431688,2023-07-11 23:08:41.647729,2023-07-11 23:08:42.183474,0 days 00:00:00.535745,52.03613637518663,11.890949654492946,COMPLETE
309,16.695940881845875,2023-07-11 23:08:50.601610,2023-07-11 23:08:51.252433,0 days 00:00:00.650823,51.507612868574434,12.157823133327689,COMPLETE
312,16.821045169622614,2023-07-11 23:08:50.654285,2023-07-11 23:08:51.287819,0 days 00:00:00.633534,52.77338365321898,15.197293452145336,COMPLETE
36,16.89022305261691,2023-07-11 23:08:40.168017,2023-07-11 23:08:40.592415,0 days 00:00:00.424398,53.94019054479188,14.351505271516269,COMPLETE
35,17.17196485324992,2023-07-11 23:08:40.141327,2023-07-11 23:08:40.637642,0 days 00:00:00.496315,53.99382045723581,14.313013221485086,COMPLETE
120,17.539312545417435,2023-07-11 23:08:43.018481,2023-07-11 23:08:43.491829,0 days 00:00:00.473348,54.25353835436152,13.509578207528204,COMPLETE
126,17.628124907751534,2023-07-11 23:08:43.314321,2023-07-11 23:08:43.832347,0 days 00:00:00.518026,54.26417806534081,13.420321156852607,COMPLETE
124,17.669834187403108,2023-07-11 23:08:43.263651,2023-07-11 23:08:43.777684,0 days 00:00:00.514033,54.26801046194015,13.4645873381615,COMPLETE
425,17.67769094058748,2023-07-11 23:08:55.789226,2023-07-11 23:08:56.497690,0 days 00:00:00.708464,51.84027032489201,15.21521286236918,COMPLETE
38,18.58821479010225,2023-07-11 23:08:40.191814,2023-07-11 23:08:40.620294,0 days 00:00:00.428480,54.011240775217686,14.554165293731494,COMPLETE
40,18.746850977398466,2023-07-11 23:08:40.264373,2023-07-11 23:08:40.692490,0 days 00:00:00.428117,53.842392813800906,14.793385683723518,COMPLETE
115,18.893236699687538,2023-07-11 23:08:42.891308,2023-07-11 23:08:43.339053,0 days 00:00:00.447745,54.33445068922991,12.954029873070844,COMPLETE
456,18.971183332879576,2023-07-11 23:08:57.242154,2023-07-11 23:08:57.965587,0 days 00:00:00.723433,50.969399623160534,14.717743434677685,COMPLETE
113,19.146478138403925,2023-07-11 23:08:42.866940,2023-07-11 23:08:43.334471,0 days 00:00:00.467531,54.36898682527211,12.989315353353458,COMPLETE
48,19.326734800777427,2023-07-11 23:08:40.593580,2023-07-11 23:08:41.069292,0 days 00:00:00.475712,54.4325101465079,13.338424785148092,COMPLETE
79,19.458900368663205,2023-07-11 23:08:41.674816,2023-07-11 23:08:42.236912,0 days 00:00:00.562096,51.92730353869476,11.60896492423872,COMPLETE
89,19.83022789615804,2023-07-11 23:08:41.922274,2023-07-11 23:08:42.482431,0 days 00:00:00.560157,51.4431829841292,11.81537431889397,COMPLETE
88,19.834099401995076,2023-07-11 23:08:41.913969,2023-07-11 23:08:42.450248,0 days 00:00:00.536279,51.24852567386214,11.96630859735062,COMPLETE
460,19.961710348265644,2023-07-11 23:08:57.431415,2023-07-11 23:08:58.159769,0 days 00:00:00.728354,50.87521931300274,14.761659167786231,COMPLETE
93,20.07362722722813,2023-07-11 23:08:42.209992,2023-07-11 23:08:42.709289,0 days 00:00:00.499297,53.31153756076617,11.576829891764973,COMPLETE
424,20.214569345292386,2023-07-11 23:08:55.736556,2023-07-11 23:08:56.407058,0 days 00:00:00.670502,54.4528214126655,13.963898108017291,COMPLETE
83,20.258546074825343,2023-07-11 23:08:41.809017,2023-07-11 23:08:42.292339,0 days 00:00:00.483322,52.08260230382332,11.476431224431177,COMPLETE
91,20.39371634781819,2023-07-11 23:08:42.111136,2023-07-11 23:08:42.629189,0 days 00:00:00.518053,51.58309503170798,11.661952113747848,COMPLETE
84,20.516852762694626,2023-07-11 23:08:41.814910,2023-07-11 23:08:42.261993,0 days 00:00:00.447083,51.4904575714443,11.702181221261862,COMPLETE
490,20.53799724574974,2023-07-11 23:08:58.787720,2023-07-11 23:08:59.425762,0 days 00:00:00.638042,52.16754151503336,11.427375145877209,COMPLETE
85,20.72010384524479,2023-07-11 23:08:41.819044,2023-07-11 23:08:42.318952,0 days 00:00:00.499908,51.24151564592132,11.856196791180647,COMPLETE
87,20.961324908620423,2023-07-11 23:08:41.899062,2023-07-11 23:08:42.413888,0 days 00:00:00.514826,51.52170454679851,11.63125422387323,COMPLETE
37,21.227321290141482,2023-07-11 23:08:40.189485,2023-07-11 23:08:40.637212,0 days 00:00:00.447727,54.343723641877006,14.510323657103637,COMPLETE
81,21.43582971401407,2023-07-11 23:08:41.788919,2023-07-11 23:08:42.341058,0 days 00:00:00.552139,51.58304295843752,11.542644456146544,COMPLETE
485,22.082909946950885,2023-07-11 23:08:58.649102,2023-07-11 23:08:59.354936,0 days 00:00:00.705834,50.38371070137306,12.93124754602933,COMPLETE
407,22.24285363646711,2023-07-11 23:08:55.014663,2023-07-11 23:08:55.709315,0 days 00:00:00.694652,52.409807582586055,11.216066635776237,COMPLETE
86,22.273659087606745,2023-07-11 23:08:41.870865,2023-07-11 23:08:42.389869,0 days 00:00:00.519004,51.164623963760036,11.71865687613588,COMPLETE
421,22.328827665898093,2023-07-11 23:08:55.655540,2023-07-11 23:08:56.429376,0 days 00:00:00.773836,52.396891733321986,15.800088727705194,COMPLETE
423,22.81170524479887,2023-07-11 23:08:55.713779,2023-07-11 23:08:56.449582,0 days 00:00:00.735803,53.83699028342745,15.348794724446622,COMPLETE
90,22.988355195232838,2023-07-11 23:08:42.077604,2023-07-11 23:08:42.598443,0 days 00:00:00.520839,51.18403992154328,11.61269748841073,COMPLETE
304,23.039156025298887,2023-07-11 23:08:50.401354,2023-07-11 23:08:51.038909,0 days 00:00:00.637555,52.49305849233732,15.871723717503773,COMPLETE
82,23.041515684659156,2023-07-11 23:08:41.807377,2023-07-11 23:08:42.297607,0 days 00:00:00.490230,51.4852056646092,11.411646721379407,COMPLETE
433,23.194891060604366,2023-07-11 23:08:56.231416,2023-07-11 23:08:56.938907,0 days 00:00:00.707491,54.75944573724795,13.955468369857428,COMPLETE
94,24.318037000363073,2023-07-11 23:08:42.230920,2023-07-11 23:08:42.731407,0 days 00:00:00.500487,51.276331609531674,11.386166800512928,COMPLETE
21,24.71425254914652,2023-07-11 23:08:39.893442,2023-07-11 23:08:39.986945,0 days 00:00:00.093503,54.70353607628969,14.565632832525573,COMPLETE
432,25.08512380352197,2023-07-11 23:08:56.140509,2023-07-11 23:08:56.863770,0 days 00:00:00.723261,54.94779283426203,13.97369348976036,COMPLETE
24,25.169060459557805,2023-07-11 23:08:39.913295,2023-07-11 23:08:39.953043,0 days 00:00:00.039748,50.436813998984405,15.070230530765807,COMPLETE
353,25.348724700851665,2023-07-11 23:08:52.570887,2023-07-11 23:08:53.265841,0 days 00:00:00.694954,52.14525198233004,10.930907889797497,COMPLETE
342,25.46197981273324,2023-07-11 23:08:52.058104,2023-07-11 23:08:52.700366,0 days 00:00:00.642262,54.928438274883895,14.195086635479477,COMPLETE
478,26.00396747732311,2023-07-11 23:08:58.281077,2023-07-11 23:08:59.010017,0 days 00:00:00.728940,52.67659735047515,16.163260636109044,COMPLETE
28,27.530323766859585,2023-07-11 23:08:40.024717,2023-07-11 23:08:40.432746,0 days 00:00:00.408029,49.87897541093955,14.480271624332543,COMPLETE
471,27.738403975454087,2023-07-11 23:08:57.954860,2023-07-11 23:08:58.647448,0 days 00:00:00.692588,52.6369164308029,16.34609981633147,COMPLETE
31,28.246046667628928,2023-07-11 23:08:40.047615,2023-07-11 23:08:40.482477,0 days 00:00:00.434862,49.794053266637285,14.45131146756028,COMPLETE
25,28.35568401641071,2023-07-11 23:08:39.984761,2023-07-11 23:08:40.080651,0 days 00:00:00.095890,50.120230095986706,15.186888485929666,COMPLETE
26,28.77739111236715,2023-07-11 23:08:40.003074,2023-07-11 23:08:40.435985,0 days 00:00:00.432911,49.77349688527911,14.56516477483455,COMPLETE
0,28.809832844788357,2023-07-11 23:08:39.740877,2023-07-11 23:08:39.743506,0 days 00:00:00.002629,55.38230919522287,13.458012736846973,COMPLETE
30,29.121915122531885,2023-07-11 23:08:40.045638,2023-07-11 23:08:40.457279,0 days 00:00:00.411641,49.7209518312209,14.516328690161673,COMPLETE
426,29.158445972530387,2023-07-11 23:08:55.815053,2023-07-11 23:08:56.533467,0 days 00:00:00.718414,49.80269902030388,12.464548685260903,COMPLETE
32,29.187397527689335,2023-07-11 23:08:40.048695,2023-07-11 23:08:40.546854,0 days 00:00:00.498159,49.68609054506633,14.42074800308962,COMPLETE
58,29.50924889652372,2023-07-11 23:08:40.970548,2023-07-11 23:08:41.491038,0 days 00:00:00.520490,55.44951921960388,13.227468047332582,COMPLETE
343,29.68225381661798,2023-07-11 23:08:52.062335,2023-07-11 23:08:52.729220,0 days 00:00:00.666885,52.155280263345794,10.479448324092782,COMPLETE
29,29.742785744313046,2023-07-11 23:08:40.025791,2023-07-11 23:08:40.487831,0 days 00:00:00.462040,49.70410586875568,14.664366924430233,COMPLETE
1,30.33822525769534,2023-07-11 23:08:39.742821,2023-07-11 23:08:39.745201,0 days 00:00:00.002380,52.22478141222456,16.621109715719378,COMPLETE
340,31.02014153097905,2023-07-11 23:08:51.977253,2023-07-11 23:08:52.760925,0 days 00:00:00.783672,54.004647275860314,10.645859230520339,COMPLETE
458,31.467601841508067,2023-07-11 23:08:57.335407,2023-07-11 23:08:58.002637,0 days 00:00:00.667230,55.370245103318446,14.715914682243707,COMPLETE
409,32.01426408035475,2023-07-11 23:08:55.070193,2023-07-11 23:08:55.792089,0 days 00:00:00.721896,52.46411420778047,16.796526861608225,COMPLETE
27,32.3814918208727,2023-07-11 23:08:40.004506,2023-07-11 23:08:40.507505,0 days 00:00:00.502999,49.35593496406292,14.435896846330259,COMPLETE
396,32.784321719321476,2023-07-11 23:08:54.493167,2023-07-11 23:08:55.234475,0 days 00:00:00.741308,55.775142791538876,13.165005375265563,COMPLETE
271,33.81251395958,2023-07-11 23:08:48.965704,2023-07-11 23:08:49.598323,0 days 00:00:00.632619,49.24463591223343,14.582732775413213,COMPLETE
17,34.03067484607388,2023-07-11 23:08:39.890979,2023-07-11 23:08:39.970785,0 days 00:00:00.079806,55.59396322114516,11.909865829752587,COMPLETE
455,34.17409665415231,2023-07-11 23:08:57.212321,2023-07-11 23:08:58.032123,0 days 00:00:00.819802,49.088217651618024,13.393963844747782,COMPLETE
275,34.97082479662486,2023-07-11 23:08:49.125072,2023-07-11 23:08:49.817705,0 days 00:00:00.692633,49.1003747520128,14.493635398244052,COMPLETE
406,35.03822459828982,2023-07-11 23:08:54.954748,2023-07-11 23:08:55.629524,0 days 00:00:00.674776,55.999926159327224,13.13554286067054,COMPLETE
2,35.62519336251595,2023-07-11 23:08:39.758789,2023-07-11 23:08:39.760593,0 days 00:00:00.001804,54.008097807130305,10.115823942087024,COMPLETE
449,37.39537914013089,2023-07-11 23:08:56.965352,2023-07-11 23:08:57.688045,0 days 00:00:00.722693,53.386210227533425,17.203584425497606,COMPLETE
443,37.73169110525461,2023-07-11 23:08:56.604777,2023-07-11 23:08:57.305600,0 days 00:00:00.700823,51.753426859742866,17.33752235641434,COMPLETE
290,38.56186940529425,2023-07-11 23:08:49.774659,2023-07-11 23:08:50.411353,0 days 00:00:00.636694,52.52005688025862,9.530010844888622,COMPLETE
438,38.63727162816707,2023-07-11 23:08:56.451604,2023-07-11 23:08:57.183854,0 days 00:00:00.732250,51.86219598298392,9.603466990602042,COMPLETE
431,38.945735520401584,2023-07-11 23:08:56.091774,2023-07-11 23:08:56.807039,0 days 00:00:00.715265,51.92076157644669,17.487816639818334,COMPLETE
310,40.5729812620555,2023-07-11 23:08:50.603554,2023-07-11 23:08:51.283656,0 days 00:00:00.680102,51.55644942920675,17.600348050505993,COMPLETE
266,40.862138983874914,2023-07-11 23:08:48.620779,2023-07-11 23:08:49.315492,0 days 00:00:00.694713,56.58308847496864,13.099773303251903,COMPLETE
445,41.918798510069806,2023-07-11 23:08:56.727034,2023-07-11 23:08:57.458498,0 days 00:00:00.731464,48.311580999138144,13.42599551621586,COMPLETE
264,42.155674644942756,2023-07-11 23:08:48.542946,2023-07-11 23:08:49.160620,0 days 00:00:00.617674,56.70826588864039,13.021093003190911,COMPLETE
279,42.59810205924922,2023-07-11 23:08:49.213705,2023-07-11 23:08:49.843900,0 days 00:00:00.630195,48.33971085255865,14.626825671565694,COMPLETE
291,42.77161770930352,2023-07-11 23:08:49.821103,2023-07-11 23:08:50.498700,0 days 00:00:00.677597,52.51043803740014,9.097047008395027,COMPLETE
457,43.63878510252075,2023-07-11 23:08:57.267572,2023-07-11 23:08:57.930879,0 days 00:00:00.663307,48.14136608724844,13.39471960671182,COMPLETE
484,44.59150974201587,2023-07-11 23:08:58.578486,2023-07-11 23:08:59.253898,0 days 00:00:00.675412,52.15972926707922,18.090363401912114,COMPLETE
420,44.61847555700013,2023-07-11 23:08:55.630583,2023-07-11 23:08:56.331655,0 days 00:00:00.701072,52.37502349572333,18.09593206619679,COMPLETE
19,45.59809604911529,2023-07-11 23:08:39.892654,2023-07-11 23:08:39.984238,0 days 00:00:00.091584,50.50459773597322,17.80227744455007,COMPLETE
5,46.407632999427605,2023-07-11 23:08:39.794280,2023-07-11 23:08:39.795801,0 days 00:00:00.001521,57.104586547777885,12.688306236984005,COMPLETE
15,46.89483757423501,2023-07-11 23:08:39.876724,2023-07-11 23:08:39.952435,0 days 00:00:00.075711,51.74641568105581,18.295012718929872,COMPLETE
276,46.910915221844945,2023-07-11 23:08:49.156051,2023-07-11 23:08:49.913915,0 days 00:00:00.757864,47.867763112408696,14.474158541824725,COMPLETE
8,47.04136335345239,2023-07-11 23:08:39.840986,2023-07-11 23:08:39.876237,0 days 00:00:00.035251,53.26338543426187,18.246855437443987,COMPLETE
473,47.66997805567906,2023-07-11 23:08:58.023665,2023-07-11 23:08:58.712723,0 days 00:00:00.689058,52.63187218235166,18.39948926125924,COMPLETE
470,48.15138797837204,2023-07-11 23:08:57.927510,2023-07-11 23:08:58.645712,0 days 00:00:00.718202,52.62167736238501,18.449751407273297,COMPLETE
278,48.28139004312117,2023-07-11 23:08:49.211350,2023-07-11 23:08:49.840943,0 days 00:00:00.629593,51.999924330230975,8.577387329323198,COMPLETE
469,49.718489925457135,2023-07-11 23:08:57.890565,2023-07-11 23:08:58.621523,0 days 00:00:00.730958,49.01333107537197,9.991012160680837,COMPLETE
465,50.33352233244715,2023-07-11 23:08:57.711550,2023-07-11 23:08:58.429084,0 days 00:00:00.717534,51.1916911250429,18.556396077199466,COMPLETE
269,51.61439133677646,2023-07-11 23:08:48.763893,2023-07-11 23:08:49.455452,0 days 00:00:00.691559,57.66030226780271,13.051863527377257,COMPLETE
401,51.748040975115785,2023-07-11 23:08:54.764564,2023-07-11 23:08:55.496509,0 days 00:00:00.731945,47.34695589184307,13.178712907402108,COMPLETE
318,53.30856441325371,2023-07-11 23:08:51.016546,2023-07-11 23:08:51.697474,0 days 00:00:00.680928,51.62986321103847,18.949093040565753,COMPLETE
283,55.853943540968196,2023-07-11 23:08:49.387719,2023-07-11 23:08:50.069016,0 days 00:00:00.681297,52.01899062232791,7.7917960179853925,COMPLETE
18,55.93786803244332,2023-07-11 23:08:39.892074,2023-07-11 23:08:39.970273,0 days 00:00:00.078199,47.5180719552041,11.076726124489486,COMPLETE
444,56.01906994842924,2023-07-11 23:08:56.684601,2023-07-11 23:08:57.406180,0 days 00:00:00.721579,46.901186260557495,13.430202205932241,COMPLETE
273,57.1579692748231,2023-07-11 23:08:49.036070,2023-07-11 23:08:49.669439,0 days 00:00:00.633369,46.8305170084426,14.513239720703893,COMPLETE
415,58.011376584950035,2023-07-11 23:08:55.377907,2023-07-11 23:08:56.115426,0 days 00:00:00.737519,52.42374653143839,7.532431081866754,COMPLETE
437,58.166917803013,2023-07-11 23:08:56.401964,2023-07-11 23:08:57.082541,0 days 00:00:00.680577,58.16918151231612,11.90951662687596,COMPLETE
313,58.5102938714518,2023-07-11 23:08:50.699425,2023-07-11 23:08:51.386261,0 days 00:00:00.686836,52.80998760009433,19.50147242747023,COMPLETE
403,59.77752830091038,2023-07-11 23:08:54.822549,2023-07-11 23:08:55.525903,0 days 00:00:00.703354,46.547414693976066,13.12853959834324,COMPLETE
324,62.49695451869663,2023-07-11 23:08:51.255734,2023-07-11 23:08:51.955257,0 days 00:00:00.699523,50.50590501001105,19.6784224289365,COMPLETE
442,62.65424301505685,2023-07-11 23:08:56.563108,2023-07-11 23:08:57.210712,0 days 00:00:00.647604,58.7476856782638,13.793172702427148,COMPLETE
12,62.75334025849945,2023-07-11 23:08:39.860840,2023-07-11 23:08:39.946043,0 days 00:00:00.085203,51.553668718846325,7.153012397316021,COMPLETE
277,63.16164673467881,2023-07-11 23:08:49.162498,2023-07-11 23:08:49.797893,0 days 00:00:00.635395,46.20412187758881,14.336834648351786,COMPLETE
3,63.30258129341937,2023-07-11 23:08:39.760973,2023-07-11 23:08:39.775656,0 days 00:00:00.014683,52.621325365764775,6.980432010807159,COMPLETE
359,63.899909178106576,2023-07-11 23:08:52.784735,2023-07-11 23:08:53.527175,0 days 00:00:00.742440,58.88357129562049,12.846919875148206,COMPLETE
11,64.49988585227375,2023-07-11 23:08:39.857804,2023-07-11 23:08:39.897005,0 days 00:00:00.039201,58.64046295607017,11.202574159580704,COMPLETE
441,65.15067335739383,2023-07-11 23:08:56.524729,2023-07-11 23:08:57.282749,0 days 00:00:00.758020,57.12517657806067,8.584893561666174,COMPLETE
348,66.08177122824942,2023-07-11 23:08:52.319851,2023-07-11 23:08:53.017887,0 days 00:00:00.698036,59.04597730709519,14.201839918932306,COMPLETE
7,66.50494964570966,2023-07-11 23:08:39.812138,2023-07-11 23:08:39.860132,0 days 00:00:00.047994,59.1495242176694,12.93411124193079,COMPLETE
14,67.41920594048507,2023-07-11 23:08:39.875589,2023-07-11 23:08:39.951912,0 days 00:00:00.076323,46.49190026278862,16.90268793739004,COMPLETE
429,67.60202403576989,2023-07-11 23:08:55.980996,2023-07-11 23:08:56.662313,0 days 00:00:00.681317,58.43680570613625,16.59509810960627,COMPLETE
289,67.95520947157787,2023-07-11 23:08:49.734568,2023-07-11 23:08:50.430801,0 days 00:00:00.696233,51.9849985510287,6.546339702363095,COMPLETE
10,68.76173120422558,2023-07-11 23:08:39.844758,2023-07-11 23:08:39.895972,0 days 00:00:00.051214,47.91830675048557,18.96759081155824,COMPLETE
306,69.2689687365846,2023-07-11 23:08:50.461780,2023-07-11 23:08:51.159330,0 days 00:00:00.697550,45.56770701769547,13.804782273874403,COMPLETE
434,69.51689791366258,2023-07-11 23:08:56.302126,2023-07-11 23:08:57.026589,0 days 00:00:00.724463,51.80089405342158,6.409226696314697,COMPLETE
395,70.15617571363877,2023-07-11 23:08:54.409037,2023-07-11 23:08:55.115240,0 days 00:00:00.706203,59.520579028938556,13.124598413157006,COMPLETE
9,72.22363418560657,2023-07-11 23:08:39.843052,2023-07-11 23:08:39.894689,0 days 00:00:00.051637,47.33142146920147,18.907310707317087,COMPLETE
303,73.00876157042812,2023-07-11 23:08:50.395755,2023-07-11 23:08:51.077394,0 days 00:00:00.681639,51.579117891683254,6.082543998892741,COMPLETE
6,73.73528469535218,2023-07-11 23:08:39.797533,2023-07-11 23:08:39.843928,0 days 00:00:00.046395,55.11551414261173,6.296515552860138,COMPLETE
354,74.22130359863658,2023-07-11 23:08:52.601303,2023-07-11 23:08:53.293257,0 days 00:00:00.691954,59.918113793744965,12.804824949621544,COMPLETE
22,74.68094152497149,2023-07-11 23:08:39.893708,2023-07-11 23:08:40.002046,0 days 00:00:00.108338,59.29422808531994,16.426247027682038,COMPLETE
418,75.06710709639705,2023-07-11 23:08:55.520405,2023-07-11 23:08:56.280142,0 days 00:00:00.759737,45.095962849002944,15.110396003910129,COMPLETE
435,76.75745147172867,2023-07-11 23:08:56.310110,2023-07-11 23:08:56.981982,0 days 00:00:00.671872,57.54920403000651,19.248578825686128,COMPLETE
315,77.78399137714631,2023-07-11 23:08:50.778826,2023-07-11 23:08:51.498066,0 days 00:00:00.719240,51.513524985810704,5.598316880380651,COMPLETE
314,78.4722419026898,2023-07-11 23:08:50.774583,2023-07-11 23:08:51.441839,0 days 00:00:00.667256,51.383658183062956,5.550238857495084,COMPLETE
20,81.1941323142372,2023-07-11 23:08:39.892958,2023-07-11 23:08:39.971568,0 days 00:00:00.078610,45.89575764361357,8.899896790659842,COMPLETE
467,81.69169898874569,2023-07-11 23:08:57.793966,2023-07-11 23:08:58.553491,0 days 00:00:00.759525,52.57807497473272,5.088565268339911,COMPLETE
16,83.9411156243674,2023-07-11 23:08:39.877321,2023-07-11 23:08:39.968388,0 days 00:00:00.091067,48.039136117720794,6.360329077117964,COMPLETE
400,86.6919987127986,2023-07-11 23:08:54.677316,2023-07-11 23:08:55.357602,0 days 00:00:00.680286,59.39759216465224,18.631774304926672,COMPLETE
4,86.75013992583314,2023-07-11 23:08:39.777701,2023-07-11 23:08:39.778875,0 days 00:00:00.001174,47.22757315923192,6.620641122861279,COMPLETE
419,90.77734386123994,2023-07-11 23:08:55.552238,2023-07-11 23:08:56.252580,0 days 00:00:00.700342,45.82071146068789,7.438467645554802,COMPLETE
23,98.39147963780103,2023-07-11 23:08:39.894298,2023-07-11 23:08:40.022430,0 days 00:00:00.128132,59.8276336128656,19.966758287251977,COMPLETE
